[
   
    {
        "model": "auth.group",
        "pk": 1,
        "fields": {
            "name": "Administrador del sistema",
            "permissions": [
                1,
                2,
                3,
                4,
                9,
                10,
                11,
                12,
                5,
                6,
                7,
                8,
                13,
                14,
                15,
                16,
                21,
                22,
                23,
                24,
                25,
                26,
                27,
                28,
                29,
                30,
                31,
                32,
                33,
                34,
                35,
                36,
                37,
                38,
                39,
                40,
                41,
                42,
                43,
                44,
                45,
                46,
                47,
                48,
                49,
                50,
                51,
                52,
                53,
                54,
                55,
                56,
                57,
                58,
                59,
                60,
                61,
                62,
                63,
                64,
                69,
                70,
                71,
                72,
                65,
                66,
                67,
                68,
                73,
                74,
                75,
                76,
                77,
                78,
                79,
                80,
                81,
                82,
                83,
                84,
                89,
                90,
                91,
                92,
                85,
                86,
                87,
                88,
                17,
                18,
                19,
                20
            ]
        }
    },
    {
        "model": "auth.group",
        "pk": 2,
        "fields": {
            "name": "Docente",
            "permissions": []
        }
    },
    {
        "model": "auth.group",
        "pk": 3,
        "fields": {
            "name": "Administrador de Recursos",
            "permissions": []
        }
    },
    {
        "model": "auth.group",
        "pk": 4,
        "fields": {
            "name": "Alumno",
            "permissions": []
        }
    },
   
    
    {
        "model": "cuestionarios.cuestionario",
        "pk": 1,
        "fields": {
            "creation_date": "2023-04-24T12:16:40.273Z",
            "update_date": "2023-04-24T12:27:46.853Z",
            "estate": "A",
            "nombre": "Sumas y restas",
            "descripcion": "<p><strong>Queridos Estudiantes:</strong></p><p>A continuación se presentará las siguientes sumas y restas de una cifra pertenecientes a las clases del mes de marzo.</p><p><em>Mucha Suerte…</em></p>",
            "imagen": "cuestionario_banco/2023/04/23/576f408678a2488b9afcd422b0d568c7.png",
            "fecha_asignacion": "2023-04-24T13:20:00Z",
            "fecha_expiracion": "2023-04-24T14:15:00Z",
            "is_banco": false,
            "curso": 1
        }
    },
    {
        "model": "cuestionarios.cuestionario",
        "pk": 2,
        "fields": {
            "creation_date": "2023-05-01T02:07:27.997Z",
            "update_date": "2023-05-01T14:40:15.532Z",
            "estate": "A",
            "nombre": "Sumas y Restas",
            "descripcion": "<p><em><strong><u>Cuestionario 1</u></strong></em><strong><u>:</u></strong></p><p>Las sumas y restas de una sola cifra</p><ol><li><p>lee con atención las preguntas</p></li><li><p>Piensa y responde</p></li><li><p>Envia tu cuestionario.</p><p style=\"text-align:center\"></p></li></ol><p style=\"text-align:center\"><span style=\"color:#0e8a16;\"><span style=\"background-color:#fef2c0;\">Mucha Suerte</span></span></p>",
            "imagen": "cuestionario_banco/2023/04/23/ae10f343ed494c47a815749279687eef.png",
            "fecha_asignacion": "2023-05-01T13:00:00Z",
            "fecha_expiracion": "2023-05-01T15:00:00Z",
            "is_banco": false,
            "curso": 2
        }
    },
    {
        "model": "cuestionarios.cuestionario",
        "pk": 3,
        "fields": {
            "creation_date": "2023-05-08T03:56:37.518Z",
            "update_date": "2023-05-09T02:32:22.992Z",
            "estate": "A",
            "nombre": "Leemos juntos",
            "descripcion": "<p>Lee y resuelve</p><p><img src=\"https://encrypted-tbn0.gstatic.com/images?q=tbn:ANd9GcTHva8T2ylf00fx8zwa8GNCx-E04jHfZGb7bB6FDYU51gnQNZcFW2q40OIaJkzNB49S-j0&amp;usqp=CAU\" alt=\"asda\" title=\"asd\"></p>",
            "imagen": "cuestionario_banco/2023/04/23/cf85ca60b9a74d8fb71b4a05575bdf7f.jpg",
            "fecha_asignacion": "2023-05-09T15:55:00Z",
            "fecha_expiracion": "2023-05-09T16:55:00Z",
            "is_banco": false,
            "curso": 1
        }
    },
    {
        "model": "cuestionarios.pregunta",
        "pk": 1,
        "fields": {
            "creation_date": "2023-04-24T12:18:05.199Z",
            "update_date": "2023-04-24T12:20:57.216Z",
            "estate": "A",
            "texto": "4+5",
            "tipo": "O",
            "imagen": "",
            "intentos_disponibles": 1,
            "puntaje_asignado": "2.00",
            "nombre": "O",
            "is_banco": false,
            "cuestionario": 1
        }
    },
    {
        "model": "cuestionarios.pregunta",
        "pk": 2,
        "fields": {
            "creation_date": "2023-04-24T12:19:09.850Z",
            "update_date": "2023-04-24T12:21:19.232Z",
            "estate": "A",
            "texto": "Pepito tiene 3 manzanas pero a la hora de almuerzo se comió 2, ¿Cuántas manzanas le quedan a Pepito?",
            "tipo": "R",
            "imagen": "",
            "intentos_disponibles": 1,
            "puntaje_asignado": "3.00",
            "nombre": "R",
            "is_banco": false,
            "cuestionario": 1
        }
    },
    {
        "model": "cuestionarios.pregunta",
        "pk": 3,
        "fields": {
            "creation_date": "2023-04-24T12:19:43.020Z",
            "update_date": "2023-04-24T12:21:12.075Z",
            "estate": "A",
            "texto": "La suma de 4 + 3 es:",
            "tipo": "O",
            "imagen": "",
            "intentos_disponibles": 1,
            "puntaje_asignado": "2.00",
            "nombre": "O",
            "is_banco": false,
            "cuestionario": 1
        }
    },
    {
        "model": "cuestionarios.pregunta",
        "pk": 4,
        "fields": {
            "creation_date": "2023-04-24T12:20:35.035Z",
            "update_date": "2023-04-24T12:20:35.035Z",
            "estate": "A",
            "texto": "Tengo 7 lapiceros pero se me perdieron 2. ¿Cuántos lapiceros me quedan?",
            "tipo": "O",
            "imagen": "",
            "intentos_disponibles": 1,
            "puntaje_asignado": "2.00",
            "nombre": null,
            "is_banco": false,
            "cuestionario": 1
        }
    },
    {
        "model": "cuestionarios.pregunta",
        "pk": 5,
        "fields": {
            "creation_date": "2023-04-24T12:21:39.194Z",
            "update_date": "2023-04-24T12:21:39.194Z",
            "estate": "A",
            "texto": "2 + 2",
            "tipo": "O",
            "imagen": "",
            "intentos_disponibles": 1,
            "puntaje_asignado": "1.00",
            "nombre": null,
            "is_banco": false,
            "cuestionario": 1
        }
    },
    {
        "model": "cuestionarios.pregunta",
        "pk": 6,
        "fields": {
            "creation_date": "2023-05-01T02:09:35.591Z",
            "update_date": "2023-05-01T02:11:12.642Z",
            "estate": "A",
            "texto": "El papá de Pedro tiene 4 vacas y su madre tiene 2. ¿Cuántas vacas tienen en total los papás de Pedro?",
            "tipo": "R",
            "imagen": "pregunta/2023/04/23/441e9d929dfd4f058d9a365ff222396f.png",
            "intentos_disponibles": 1,
            "puntaje_asignado": "4.00",
            "nombre": "R",
            "is_banco": false,
            "cuestionario": 2
        }
    },
    {
        "model": "cuestionarios.pregunta",
        "pk": 7,
        "fields": {
            "creation_date": "2023-05-01T02:10:13.687Z",
            "update_date": "2023-05-01T02:10:13.687Z",
            "estate": "A",
            "texto": "3 + 5",
            "tipo": "O",
            "imagen": "",
            "intentos_disponibles": 1,
            "puntaje_asignado": "3.00",
            "nombre": null,
            "is_banco": false,
            "cuestionario": 2
        }
    },
    {
        "model": "cuestionarios.pregunta",
        "pk": 8,
        "fields": {
            "creation_date": "2023-05-01T02:10:26.718Z",
            "update_date": "2023-05-01T02:11:05.809Z",
            "estate": "A",
            "texto": "2+2",
            "tipo": "R",
            "imagen": "",
            "intentos_disponibles": 1,
            "puntaje_asignado": "2.00",
            "nombre": "R",
            "is_banco": false,
            "cuestionario": 2
        }
    },
    {
        "model": "cuestionarios.pregunta",
        "pk": 9,
        "fields": {
            "creation_date": "2023-05-01T02:10:45.668Z",
            "update_date": "2023-05-01T02:10:59.048Z",
            "estate": "A",
            "texto": "3+4",
            "tipo": "O",
            "imagen": "",
            "intentos_disponibles": 1,
            "puntaje_asignado": "3.00",
            "nombre": "O",
            "is_banco": false,
            "cuestionario": 2
        }
    },
    {
        "model": "cuestionarios.pregunta",
        "pk": 10,
        "fields": {
            "creation_date": "2023-05-01T02:11:24.527Z",
            "update_date": "2023-05-01T02:11:24.527Z",
            "estate": "A",
            "texto": "2 + 8",
            "tipo": "R",
            "imagen": "",
            "intentos_disponibles": 1,
            "puntaje_asignado": "3.00",
            "nombre": null,
            "is_banco": false,
            "cuestionario": 2
        }
    },
    {
        "model": "cuestionarios.pregunta",
        "pk": 11,
        "fields": {
            "creation_date": "2023-05-01T02:11:33.264Z",
            "update_date": "2023-05-01T02:11:33.264Z",
            "estate": "A",
            "texto": "1+6",
            "tipo": "R",
            "imagen": "",
            "intentos_disponibles": 1,
            "puntaje_asignado": "2.00",
            "nombre": null,
            "is_banco": false,
            "cuestionario": 2
        }
    },
    {
        "model": "cuestionarios.pregunta",
        "pk": 12,
        "fields": {
            "creation_date": "2023-05-01T02:11:52.004Z",
            "update_date": "2023-05-01T02:11:52.004Z",
            "estate": "A",
            "texto": "4 + 2",
            "tipo": "O",
            "imagen": "",
            "intentos_disponibles": 1,
            "puntaje_asignado": "3.00",
            "nombre": null,
            "is_banco": false,
            "cuestionario": 2
        }
    },
    {
        "model": "cuestionarios.pregunta",
        "pk": 13,
        "fields": {
            "creation_date": "2023-05-08T03:59:04.812Z",
            "update_date": "2023-05-08T03:59:04.812Z",
            "estate": "A",
            "texto": "¿Por qué los virus no son seres vivos?",
            "tipo": "O",
            "imagen": "",
            "intentos_disponibles": 2,
            "puntaje_asignado": "2.00",
            "nombre": null,
            "is_banco": false,
            "cuestionario": 3
        }
    },
    {
        "model": "cuestionarios.opcionpregunta",
        "pk": 1,
        "fields": {
            "creation_date": "2023-04-24T12:18:05.202Z",
            "update_date": "2023-04-24T12:20:57.223Z",
            "estate": "A",
            "texto": "6",
            "correcta": "I",
            "pregunta": 1
        }
    },
    {
        "model": "cuestionarios.opcionpregunta",
        "pk": 2,
        "fields": {
            "creation_date": "2023-04-24T12:18:05.205Z",
            "update_date": "2023-04-24T12:20:57.227Z",
            "estate": "A",
            "texto": "7",
            "correcta": "I",
            "pregunta": 1
        }
    },
    {
        "model": "cuestionarios.opcionpregunta",
        "pk": 3,
        "fields": {
            "creation_date": "2023-04-24T12:18:05.206Z",
            "update_date": "2023-04-24T12:20:57.231Z",
            "estate": "A",
            "texto": "8",
            "correcta": "I",
            "pregunta": 1
        }
    },
    {
        "model": "cuestionarios.opcionpregunta",
        "pk": 4,
        "fields": {
            "creation_date": "2023-04-24T12:18:05.208Z",
            "update_date": "2023-04-24T12:20:57.235Z",
            "estate": "A",
            "texto": "9",
            "correcta": "C",
            "pregunta": 1
        }
    },
    {
        "model": "cuestionarios.opcionpregunta",
        "pk": 5,
        "fields": {
            "creation_date": "2023-04-24T12:19:43.023Z",
            "update_date": "2023-04-24T12:21:12.082Z",
            "estate": "A",
            "texto": "6",
            "correcta": "I",
            "pregunta": 3
        }
    },
    {
        "model": "cuestionarios.opcionpregunta",
        "pk": 6,
        "fields": {
            "creation_date": "2023-04-24T12:19:43.024Z",
            "update_date": "2023-04-24T12:21:12.085Z",
            "estate": "A",
            "texto": "7",
            "correcta": "C",
            "pregunta": 3
        }
    },
    {
        "model": "cuestionarios.opcionpregunta",
        "pk": 7,
        "fields": {
            "creation_date": "2023-04-24T12:19:43.026Z",
            "update_date": "2023-04-24T12:21:12.088Z",
            "estate": "A",
            "texto": "8",
            "correcta": "I",
            "pregunta": 3
        }
    },
    {
        "model": "cuestionarios.opcionpregunta",
        "pk": 8,
        "fields": {
            "creation_date": "2023-04-24T12:19:43.027Z",
            "update_date": "2023-04-24T12:21:12.090Z",
            "estate": "A",
            "texto": "9",
            "correcta": "I",
            "pregunta": 3
        }
    },
    {
        "model": "cuestionarios.opcionpregunta",
        "pk": 9,
        "fields": {
            "creation_date": "2023-04-24T12:19:43.029Z",
            "update_date": "2023-04-24T12:21:12.092Z",
            "estate": "A",
            "texto": "10",
            "correcta": "I",
            "pregunta": 3
        }
    },
    {
        "model": "cuestionarios.opcionpregunta",
        "pk": 10,
        "fields": {
            "creation_date": "2023-04-24T12:20:35.036Z",
            "update_date": "2023-04-24T12:20:35.036Z",
            "estate": "A",
            "texto": "5",
            "correcta": "C",
            "pregunta": 4
        }
    },
    {
        "model": "cuestionarios.opcionpregunta",
        "pk": 11,
        "fields": {
            "creation_date": "2023-04-24T12:20:35.037Z",
            "update_date": "2023-04-24T12:20:35.037Z",
            "estate": "A",
            "texto": "6",
            "correcta": "I",
            "pregunta": 4
        }
    },
    {
        "model": "cuestionarios.opcionpregunta",
        "pk": 12,
        "fields": {
            "creation_date": "2023-04-24T12:20:35.039Z",
            "update_date": "2023-04-24T12:20:35.039Z",
            "estate": "A",
            "texto": "7",
            "correcta": "I",
            "pregunta": 4
        }
    },
    {
        "model": "cuestionarios.opcionpregunta",
        "pk": 13,
        "fields": {
            "creation_date": "2023-04-24T12:21:39.197Z",
            "update_date": "2023-04-24T12:21:39.197Z",
            "estate": "A",
            "texto": "3",
            "correcta": "I",
            "pregunta": 5
        }
    },
    {
        "model": "cuestionarios.opcionpregunta",
        "pk": 14,
        "fields": {
            "creation_date": "2023-04-24T12:21:39.199Z",
            "update_date": "2023-04-24T12:21:39.199Z",
            "estate": "A",
            "texto": "4",
            "correcta": "C",
            "pregunta": 5
        }
    },
    {
        "model": "cuestionarios.opcionpregunta",
        "pk": 15,
        "fields": {
            "creation_date": "2023-04-24T12:21:39.200Z",
            "update_date": "2023-04-24T12:21:39.200Z",
            "estate": "A",
            "texto": "5",
            "correcta": "I",
            "pregunta": 5
        }
    },
    {
        "model": "cuestionarios.opcionpregunta",
        "pk": 16,
        "fields": {
            "creation_date": "2023-04-24T12:21:39.202Z",
            "update_date": "2023-04-24T12:21:39.202Z",
            "estate": "A",
            "texto": "6",
            "correcta": "I",
            "pregunta": 5
        }
    },
    {
        "model": "cuestionarios.opcionpregunta",
        "pk": 17,
        "fields": {
            "creation_date": "2023-05-01T02:10:13.688Z",
            "update_date": "2023-05-01T02:10:13.688Z",
            "estate": "A",
            "texto": "5",
            "correcta": "I",
            "pregunta": 7
        }
    },
    {
        "model": "cuestionarios.opcionpregunta",
        "pk": 18,
        "fields": {
            "creation_date": "2023-05-01T02:10:13.690Z",
            "update_date": "2023-05-01T02:10:13.690Z",
            "estate": "A",
            "texto": "6",
            "correcta": "I",
            "pregunta": 7
        }
    },
    {
        "model": "cuestionarios.opcionpregunta",
        "pk": 19,
        "fields": {
            "creation_date": "2023-05-01T02:10:13.691Z",
            "update_date": "2023-05-01T02:10:13.691Z",
            "estate": "A",
            "texto": "7",
            "correcta": "I",
            "pregunta": 7
        }
    },
    {
        "model": "cuestionarios.opcionpregunta",
        "pk": 20,
        "fields": {
            "creation_date": "2023-05-01T02:10:13.693Z",
            "update_date": "2023-05-01T02:10:13.693Z",
            "estate": "A",
            "texto": "8",
            "correcta": "C",
            "pregunta": 7
        }
    },
    {
        "model": "cuestionarios.opcionpregunta",
        "pk": 21,
        "fields": {
            "creation_date": "2023-05-01T02:10:45.671Z",
            "update_date": "2023-05-01T02:10:59.051Z",
            "estate": "A",
            "texto": "6",
            "correcta": "I",
            "pregunta": 9
        }
    },
    {
        "model": "cuestionarios.opcionpregunta",
        "pk": 22,
        "fields": {
            "creation_date": "2023-05-01T02:10:45.673Z",
            "update_date": "2023-05-01T02:10:59.053Z",
            "estate": "A",
            "texto": "7",
            "correcta": "C",
            "pregunta": 9
        }
    },
    {
        "model": "cuestionarios.opcionpregunta",
        "pk": 23,
        "fields": {
            "creation_date": "2023-05-01T02:10:45.674Z",
            "update_date": "2023-05-01T02:10:59.056Z",
            "estate": "A",
            "texto": "8",
            "correcta": "I",
            "pregunta": 9
        }
    },
    {
        "model": "cuestionarios.opcionpregunta",
        "pk": 24,
        "fields": {
            "creation_date": "2023-05-01T02:11:52.007Z",
            "update_date": "2023-05-01T02:11:52.007Z",
            "estate": "A",
            "texto": "6",
            "correcta": "C",
            "pregunta": 12
        }
    },
    {
        "model": "cuestionarios.opcionpregunta",
        "pk": 25,
        "fields": {
            "creation_date": "2023-05-01T02:11:52.010Z",
            "update_date": "2023-05-01T02:11:52.010Z",
            "estate": "A",
            "texto": "7",
            "correcta": "I",
            "pregunta": 12
        }
    },
    {
        "model": "cuestionarios.opcionpregunta",
        "pk": 26,
        "fields": {
            "creation_date": "2023-05-01T02:11:52.012Z",
            "update_date": "2023-05-01T02:11:52.012Z",
            "estate": "A",
            "texto": "8",
            "correcta": "I",
            "pregunta": 12
        }
    },
    {
        "model": "cuestionarios.opcionpregunta",
        "pk": 27,
        "fields": {
            "creation_date": "2023-05-08T03:59:04.816Z",
            "update_date": "2023-05-08T03:59:04.816Z",
            "estate": "A",
            "texto": "Porque no tienen vida",
            "correcta": "I",
            "pregunta": 13
        }
    },
    {
        "model": "cuestionarios.opcionpregunta",
        "pk": 28,
        "fields": {
            "creation_date": "2023-05-08T03:59:04.819Z",
            "update_date": "2023-05-08T03:59:04.819Z",
            "estate": "A",
            "texto": "Porque no nacen",
            "correcta": "I",
            "pregunta": 13
        }
    },
    {
        "model": "cuestionarios.opcionpregunta",
        "pk": 29,
        "fields": {
            "creation_date": "2023-05-08T03:59:04.820Z",
            "update_date": "2023-05-08T03:59:04.820Z",
            "estate": "A",
            "texto": "Porque no tienen células",
            "correcta": "C",
            "pregunta": 13
        }
    },
    {
        "model": "cuestionarios.solucion",
        "pk": 1,
        "fields": {
            "creation_date": "2023-04-24T12:25:27.674Z",
            "update_date": "2023-04-24T12:27:07.077Z",
            "estate": "A",
            "fecha_solucion": "2023-04-24T12:25:27.674Z",
            "fecha_revision": "2023-04-24T12:27:07.060Z",
            "comentario": "Te falta practicar comprensión de textos para sumar bien",
            "alumno": 1,
            "cuestionario": 1
        }
    },
    {
        "model": "cuestionarios.solucion",
        "pk": 3,
        "fields": {
            "creation_date": "2023-05-01T14:50:04.662Z",
            "update_date": "2023-05-01T14:50:57.523Z",
            "estate": "A",
            "fecha_solucion": "2023-05-01T14:50:04.662Z",
            "fecha_revision": "2023-05-01T14:50:57.497Z",
            "comentario": "Practica mas",
            "alumno": 1,
            "cuestionario": 2
        }
    },
    {
        "model": "cuestionarios.solucionpregunta",
        "pk": 1,
        "fields": {
            "creation_date": "2023-04-24T12:25:27.677Z",
            "update_date": "2023-04-24T12:27:07.063Z",
            "estate": "A",
            "respuesta": "9",
            "puntaje_obtenido": "2.00",
            "intentos_tomados": 1,
            "comentario": "4+5",
            "situacion_respuesta": "B",
            "solucion": 1,
            "pregunta": 1,
            "pregunta_opcion": null
        }
    },
    {
        "model": "cuestionarios.solucionpregunta",
        "pk": 2,
        "fields": {
            "creation_date": "2023-04-24T12:25:27.679Z",
            "update_date": "2023-04-24T12:27:07.068Z",
            "estate": "A",
            "respuesta": "2",
            "puntaje_obtenido": "0.00",
            "intentos_tomados": 1,
            "comentario": "Pepito tiene 3 manzanas pero a la hora de almuerzo se comió 2, ¿Cuántas manzanas le quedan a Pepito?",
            "situacion_respuesta": "M",
            "solucion": 1,
            "pregunta": 2,
            "pregunta_opcion": null
        }
    },
    {
        "model": "cuestionarios.solucionpregunta",
        "pk": 3,
        "fields": {
            "creation_date": "2023-04-24T12:25:27.680Z",
            "update_date": "2023-04-24T12:27:07.070Z",
            "estate": "A",
            "respuesta": "8",
            "puntaje_obtenido": "0.00",
            "intentos_tomados": 1,
            "comentario": "La suma de 4 + 3 es:",
            "situacion_respuesta": "M",
            "solucion": 1,
            "pregunta": 3,
            "pregunta_opcion": null
        }
    },
    {
        "model": "cuestionarios.solucionpregunta",
        "pk": 4,
        "fields": {
            "creation_date": "2023-04-24T12:25:27.682Z",
            "update_date": "2023-04-24T12:27:07.072Z",
            "estate": "A",
            "respuesta": "5",
            "puntaje_obtenido": "2.00",
            "intentos_tomados": 1,
            "comentario": "Tengo 7 lapiceros pero se me perdieron 2. ¿Cuántos lapiceros me quedan?",
            "situacion_respuesta": "B",
            "solucion": 1,
            "pregunta": 4,
            "pregunta_opcion": null
        }
    },
    {
        "model": "cuestionarios.solucionpregunta",
        "pk": 5,
        "fields": {
            "creation_date": "2023-04-24T12:25:27.683Z",
            "update_date": "2023-04-24T12:27:07.076Z",
            "estate": "A",
            "respuesta": "4",
            "puntaje_obtenido": "1.00",
            "intentos_tomados": 1,
            "comentario": "2 + 2",
            "situacion_respuesta": "B",
            "solucion": 1,
            "pregunta": 5,
            "pregunta_opcion": null
        }
    },
    {
        "model": "cuestionarios.solucionpregunta",
        "pk": 13,
        "fields": {
            "creation_date": "2023-05-01T14:50:04.666Z",
            "update_date": "2023-05-01T14:50:57.499Z",
            "estate": "A",
            "respuesta": "5",
            "puntaje_obtenido": "0.00",
            "intentos_tomados": 1,
            "comentario": "El papá de Pedro tiene 4 vacas y su madre tiene 2. ¿Cuántas vacas tienen en total los papás de Pedro?",
            "situacion_respuesta": "M",
            "solucion": 3,
            "pregunta": 6,
            "pregunta_opcion": null
        }
    },
    {
        "model": "cuestionarios.solucionpregunta",
        "pk": 14,
        "fields": {
            "creation_date": "2023-05-01T14:50:04.669Z",
            "update_date": "2023-05-01T14:50:57.503Z",
            "estate": "A",
            "respuesta": "8",
            "puntaje_obtenido": "3.00",
            "intentos_tomados": 1,
            "comentario": "3 + 5",
            "situacion_respuesta": "B",
            "solucion": 3,
            "pregunta": 7,
            "pregunta_opcion": null
        }
    },
    {
        "model": "cuestionarios.solucionpregunta",
        "pk": 15,
        "fields": {
            "creation_date": "2023-05-01T14:50:04.671Z",
            "update_date": "2023-05-01T14:50:57.506Z",
            "estate": "A",
            "respuesta": "4",
            "puntaje_obtenido": "2.00",
            "intentos_tomados": 1,
            "comentario": "2+2",
            "situacion_respuesta": "B",
            "solucion": 3,
            "pregunta": 8,
            "pregunta_opcion": null
        }
    },
    {
        "model": "cuestionarios.solucionpregunta",
        "pk": 16,
        "fields": {
            "creation_date": "2023-05-01T14:50:04.673Z",
            "update_date": "2023-05-01T14:50:57.510Z",
            "estate": "A",
            "respuesta": "7",
            "puntaje_obtenido": "3.00",
            "intentos_tomados": 1,
            "comentario": "3+4",
            "situacion_respuesta": "B",
            "solucion": 3,
            "pregunta": 9,
            "pregunta_opcion": null
        }
    },
    {
        "model": "cuestionarios.solucionpregunta",
        "pk": 17,
        "fields": {
            "creation_date": "2023-05-01T14:50:04.675Z",
            "update_date": "2023-05-01T14:50:57.514Z",
            "estate": "A",
            "respuesta": "9",
            "puntaje_obtenido": "0.00",
            "intentos_tomados": 1,
            "comentario": "2 + 8",
            "situacion_respuesta": "M",
            "solucion": 3,
            "pregunta": 10,
            "pregunta_opcion": null
        }
    },
    {
        "model": "cuestionarios.solucionpregunta",
        "pk": 18,
        "fields": {
            "creation_date": "2023-05-01T14:50:04.677Z",
            "update_date": "2023-05-01T14:50:57.519Z",
            "estate": "A",
            "respuesta": "7",
            "puntaje_obtenido": "2.00",
            "intentos_tomados": 1,
            "comentario": "1+6",
            "situacion_respuesta": "B",
            "solucion": 3,
            "pregunta": 11,
            "pregunta_opcion": null
        }
    },
    {
        "model": "cuestionarios.solucionpregunta",
        "pk": 19,
        "fields": {
            "creation_date": "2023-05-01T14:50:04.680Z",
            "update_date": "2023-05-01T14:50:57.522Z",
            "estate": "A",
            "respuesta": "6",
            "puntaje_obtenido": "3.00",
            "intentos_tomados": 1,
            "comentario": "4 + 2",
            "situacion_respuesta": "B",
            "solucion": 3,
            "pregunta": 12,
            "pregunta_opcion": null
        }
    },
    {
        "model": "cursos.nivel",
        "pk": 1,
        "fields": {
            "creation_date": "2023-04-24T01:40:19.998Z",
            "update_date": "2023-04-24T01:40:19.998Z",
            "estate": "A",
            "nombre": "Inicial"
        }
    },
    {
        "model": "cursos.nivel",
        "pk": 2,
        "fields": {
            "creation_date": "2023-04-24T01:40:19.992Z",
            "update_date": "2023-04-24T01:40:19.992Z",
            "estate": "A",
            "nombre": "Primaria"
        }
    },
    {
        "model": "cursos.nivel",
        "pk": 3,
        "fields": {
            "creation_date": "2023-04-24T01:40:19.987Z",
            "update_date": "2023-04-24T01:40:19.987Z",
            "estate": "A",
            "nombre": "Secundaria"
        }
    },
    {
        "model": "cursos.grado",
        "pk": 1,
        "fields": {
            "creation_date": "2023-04-24T01:40:34.137Z",
            "update_date": "2023-04-24T01:40:34.137Z",
            "estate": "A",
            "nombre": "4 años",
            "nivel": 1
        }
    },
    {
        "model": "cursos.grado",
        "pk": 2,
        "fields": {
            "creation_date": "2023-04-24T01:40:34.128Z",
            "update_date": "2023-04-24T01:40:34.128Z",
            "estate": "A",
            "nombre": "5 años",
            "nivel": 1
        }
    },
    {
        "model": "cursos.grado",
        "pk": 3,
        "fields": {
            "creation_date": "2023-04-24T01:40:34.119Z",
            "update_date": "2023-04-24T01:40:34.119Z",
            "estate": "A",
            "nombre": "Primer Grado",
            "nivel": 2
        }
    },
    {
        "model": "cursos.grado",
        "pk": 4,
        "fields": {
            "creation_date": "2023-04-24T01:40:34.113Z",
            "update_date": "2023-04-24T01:40:34.113Z",
            "estate": "A",
            "nombre": "Segundo Grado",
            "nivel": 2
        }
    },
    {
        "model": "cursos.grado",
        "pk": 5,
        "fields": {
            "creation_date": "2023-04-24T01:40:34.106Z",
            "update_date": "2023-04-24T01:40:34.106Z",
            "estate": "A",
            "nombre": "Tercer grado",
            "nivel": 2
        }
    },
    {
        "model": "cursos.grado",
        "pk": 6,
        "fields": {
            "creation_date": "2023-04-24T01:40:34.097Z",
            "update_date": "2023-04-24T01:40:34.097Z",
            "estate": "A",
            "nombre": "Cuarto Grado",
            "nivel": 2
        }
    },
    {
        "model": "cursos.grado",
        "pk": 7,
        "fields": {
            "creation_date": "2023-04-24T01:40:34.089Z",
            "update_date": "2023-04-24T01:40:34.089Z",
            "estate": "A",
            "nombre": "Quinto Grado",
            "nivel": 2
        }
    },
    {
        "model": "cursos.grado",
        "pk": 8,
        "fields": {
            "creation_date": "2023-04-24T01:40:34.082Z",
            "update_date": "2023-04-24T01:40:34.082Z",
            "estate": "A",
            "nombre": "Sexto Grado",
            "nivel": 2
        }
    },
    {
        "model": "cursos.grado",
        "pk": 9,
        "fields": {
            "creation_date": "2023-04-24T01:40:34.073Z",
            "update_date": "2023-04-24T01:40:34.073Z",
            "estate": "A",
            "nombre": "Primer Año",
            "nivel": 3
        }
    },
    {
        "model": "cursos.grado",
        "pk": 10,
        "fields": {
            "creation_date": "2023-04-24T01:40:34.064Z",
            "update_date": "2023-04-24T01:40:34.064Z",
            "estate": "A",
            "nombre": "Segundo Año",
            "nivel": 3
        }
    },
    {
        "model": "cursos.grado",
        "pk": 11,
        "fields": {
            "creation_date": "2023-04-24T01:40:34.053Z",
            "update_date": "2023-04-24T01:40:34.053Z",
            "estate": "A",
            "nombre": "Tercer Año",
            "nivel": 3
        }
    },
    {
        "model": "cursos.grado",
        "pk": 12,
        "fields": {
            "creation_date": "2023-04-24T01:40:34.046Z",
            "update_date": "2023-04-24T01:40:34.046Z",
            "estate": "A",
            "nombre": "Cuarto Año",
            "nivel": 3
        }
    },
    {
        "model": "cursos.grado",
        "pk": 13,
        "fields": {
            "creation_date": "2023-04-24T01:40:34.040Z",
            "update_date": "2023-04-24T01:40:34.040Z",
            "estate": "A",
            "nombre": "Quinto Año",
            "nivel": 3
        }
    },
    {
        "model": "cursos.curso",
        "pk": 1,
        "fields": {
            "creation_date": "2023-04-24T12:14:26.044Z",
            "update_date": "2023-04-24T12:14:26.044Z",
            "estate": "A",
            "periodo": 1,
            "year": 2023,
            "nombre": "Matematica primer grado",
            "grado": null,
            "docente": 1,
            "institucion": 1,
            "codigo_inscripcion": "MMGI1"
        }
    },
    {
        "model": "cursos.curso",
        "pk": 2,
        "fields": {
            "creation_date": "2023-05-01T02:02:37.264Z",
            "update_date": "2023-05-01T02:02:37.264Z",
            "estate": "A",
            "periodo": 1,
            "year": 2023,
            "nombre": "Matemática I de Primer Grado",
            "grado": null,
            "docente": 7,
            "institucion": 2,
            "codigo_inscripcion": "MMCJ2"
        }
    },
    {
        "model": "cursos.alumnoinscripcioncurso",
        "pk": 1,
        "fields": {
            "creation_date": "2023-04-24T12:22:59.791Z",
            "update_date": "2023-04-24T12:23:29.495Z",
            "estate": "D",
            "alumno": 1,
            "curso": 1
        }
    },
    {
        "model": "cursos.alumnoinscripcioncurso",
        "pk": 3,
        "fields": {
            "creation_date": "2023-05-01T14:47:30.109Z",
            "update_date": "2023-05-01T14:47:51.530Z",
            "estate": "D",
            "alumno": 1,
            "curso": 2
        }
    },
    {
        "model": "institucion.institucion",
        "pk": 1,
        "fields": {
            "creation_date": "2023-04-24T01:40:04.126Z",
            "update_date": "2023-04-24T01:40:04.126Z",
            "estate": "A",
            "nombre": "Institución San Martin de Sechura",
            "direccion": "Sechura - Piura"
        }
    },
    {
        "model": "institucion.institucion",
        "pk": 2,
        "fields": {
            "creation_date": "2023-04-24T01:40:04.122Z",
            "update_date": "2023-04-24T01:40:04.122Z",
            "estate": "A",
            "nombre": "Jose Quiñones",
            "direccion": "Piura"
        }
    },
    {
        "model": "institucion.institucion",
        "pk": 3,
        "fields": {
            "creation_date": "2023-04-24T01:40:04.118Z",
            "update_date": "2023-04-24T01:40:04.118Z",
            "estate": "A",
            "nombre": "25716445",
            "direccion": "Piura"
        }
    },
    {
        "model": "institucion.docente",
        "pk": 1,
        "fields": {
            "creation_date": "2023-04-24T01:54:29.567Z",
            "update_date": "2023-04-24T01:54:29.567Z",
            "estate": "A",
            "nombres": "GIOVANNA",
            "apellido_paterno": "RUMICHE",
            "apellido_materno": "AYALA",
            "direccion": "",
            "tipo_documento": "DNI",
            "nro_documento": "45007535",
            "user": 7,
            "instituciones": [
                1
            ]
        }
    },
    {
        "model": "institucion.docente",
        "pk": 2,
        "fields": {
            "creation_date": "2023-04-24T01:54:29.550Z",
            "update_date": "2023-04-24T01:54:29.550Z",
            "estate": "A",
            "nombres": "Pedro Pablo",
            "apellido_paterno": "Alvarez",
            "apellido_materno": "Chapilliquen",
            "direccion": "",
            "tipo_documento": "DNI",
            "nro_documento": "02868923",
            "user": 6,
            "instituciones": [
                1
            ]
        }
    },
    {
        "model": "institucion.docente",
        "pk": 3,
        "fields": {
            "creation_date": "2023-04-24T01:54:29.535Z",
            "update_date": "2023-04-24T01:54:29.535Z",
            "estate": "A",
            "nombres": "Jose",
            "apellido_paterno": "Vasquez",
            "apellido_materno": "Silva",
            "direccion": "",
            "tipo_documento": "DNI",
            "nro_documento": "09374874",
            "user": 5,
            "instituciones": [
                3
            ]
        }
    },
    {
        "model": "institucion.docente",
        "pk": 4,
        "fields": {
            "creation_date": "2023-04-24T01:54:29.518Z",
            "update_date": "2023-04-24T01:54:29.518Z",
            "estate": "A",
            "nombres": "Hellen",
            "apellido_paterno": "Curay",
            "apellido_materno": "Mora",
            "direccion": "",
            "tipo_documento": "DNI",
            "nro_documento": "74504436",
            "user": 4,
            "instituciones": [
                1
            ]
        }
    },
    {
        "model": "institucion.docente",
        "pk": 5,
        "fields": {
            "creation_date": "2023-04-24T01:54:29.501Z",
            "update_date": "2023-04-24T01:54:29.501Z",
            "estate": "A",
            "nombres": "Javier",
            "apellido_paterno": "Paz",
            "apellido_materno": "Bayona",
            "direccion": "",
            "tipo_documento": "DNI",
            "nro_documento": "02851625",
            "user": 3,
            "instituciones": [
                1
            ]
        }
    },
    {
        "model": "institucion.docente",
        "pk": 6,
        "fields": {
            "creation_date": "2023-04-24T01:54:29.482Z",
            "update_date": "2023-04-24T01:54:29.482Z",
            "estate": "A",
            "nombres": "Paul",
            "apellido_paterno": "Alvarado",
            "apellido_materno": "Cruzado",
            "direccion": "",
            "tipo_documento": "DNI",
            "nro_documento": "73538401",
            "user": 2,
            "instituciones": [
                3
            ]
        }
    },
    {
        "model": "institucion.docente",
        "pk": 7,
        "fields": {
            "creation_date": "2023-05-01T01:52:20.531Z",
            "update_date": "2023-05-01T01:52:20.531Z",
            "estate": "A",
            "nombres": "Carlos",
            "apellido_paterno": "Torres",
            "apellido_materno": "Lopéz",
            "direccion": "Piura",
            "tipo_documento": "DNI",
            "nro_documento": "10203040",
            "user": 9,
            "instituciones": [
                3,
                2,
                1
            ]
        }
    },
    {
        "model": "institucion.docente",
        "pk": 8,
        "fields": {
            "creation_date": "2023-05-07T13:48:46.391Z",
            "update_date": "2023-05-07T13:48:46.391Z",
            "estate": "A",
            "nombres": "Medardo",
            "apellido_paterno": "Palacios",
            "apellido_materno": "Periche",
            "direccion": "Vice",
            "tipo_documento": "DNI",
            "nro_documento": "72973356",
            "user": 10,
            "instituciones": [
                1
            ]
        }
    },
    {
        "model": "institucion.alumno",
        "pk": 1,
        "fields": {
            "creation_date": "2023-04-24T12:22:32.537Z",
            "update_date": "2023-04-24T12:22:32.537Z",
            "estate": "A",
            "nro_documento": "15161718",
            "nombres": "Carlos",
            "apellido_paterno": "Torres",
            "apellido_materno": "Agurto",
            "tipo_documento": "DNI",
            "user": 8
        }
    },
    {
        "model": "institucion.alumno",
        "pk": 2,
        "fields": {
            "creation_date": "2023-05-08T03:52:46.114Z",
            "update_date": "2023-05-08T03:52:46.114Z",
            "estate": "A",
            "nro_documento": "45251254",
            "nombres": "Julián",
            "apellido_paterno": "García",
            "apellido_materno": "Núñez",
            "tipo_documento": "DNI",
            "user": 11
        }
    },
    {
        "model": "institucion.alumno",
        "pk": 3,
        "fields": {
            "creation_date": "2023-05-09T23:15:16.204Z",
            "update_date": "2023-05-09T23:15:16.204Z",
            "estate": "A",
            "nro_documento": "78320587",
            "nombres": "XAVI LIONEL",
            "apellido_paterno": "AMAYA",
            "apellido_materno": "PERICHE",
            "tipo_documento": "DNI",
            "user": 12
        }
    },
    {
        "model": "institucion.alumno",
        "pk": 4,
        "fields": {
            "creation_date": "2023-05-09T23:15:55.495Z",
            "update_date": "2023-05-09T23:15:55.495Z",
            "estate": "A",
            "nro_documento": "78251383",
            "nombres": "SHEYLA NAOMI",
            "apellido_paterno": "ANCAJIMA",
            "apellido_materno": "FIESTAS",
            "tipo_documento": "DNI",
            "user": 13
        }
    },
    {
        "model": "institucion.alumno",
        "pk": 5,
        "fields": {
            "creation_date": "2023-05-09T23:16:28.591Z",
            "update_date": "2023-05-09T23:16:28.591Z",
            "estate": "A",
            "nro_documento": "81105406",
            "nombres": "ALEJANDRA NOEMI",
            "apellido_paterno": "ARCELA",
            "apellido_materno": "ZAPATA",
            "tipo_documento": "DNI",
            "user": 14
        }
    },
    {
        "model": "institucion.alumno",
        "pk": 6,
        "fields": {
            "creation_date": "2023-05-09T23:16:59.219Z",
            "update_date": "2023-05-09T23:16:59.219Z",
            "estate": "A",
            "nro_documento": "78227572",
            "nombres": "HESMERALDA MARLENY",
            "apellido_paterno": "AREVALO",
            "apellido_materno": "NEYRA",
            "tipo_documento": "DNI",
            "user": 15
        }
    },
    {
        "model": "institucion.alumno",
        "pk": 7,
        "fields": {
            "creation_date": "2023-05-10T03:10:42.258Z",
            "update_date": "2023-05-10T03:10:42.258Z",
            "estate": "A",
            "nro_documento": "62315507",
            "nombres": "Cesar david",
            "apellido_paterno": "Lazo",
            "apellido_materno": "Carrera",
            "tipo_documento": "DNI",
            "user": 16
        }
    },
    {
        "model": "institucion.alumno",
        "pk": 8,
        "fields": {
            "creation_date": "2023-05-10T03:12:05.871Z",
            "update_date": "2023-05-10T03:12:05.871Z",
            "estate": "A",
            "nro_documento": "63089531",
            "nombres": "Joe Aldair",
            "apellido_paterno": "García",
            "apellido_materno": "Bancayan",
            "tipo_documento": "DNI",
            "user": 17
        }
    },
    {
        "model": "institucion.alumno",
        "pk": 9,
        "fields": {
            "creation_date": "2023-05-10T03:15:46.006Z",
            "update_date": "2023-05-10T03:15:46.006Z",
            "estate": "A",
            "nro_documento": "62377826",
            "nombres": "Luis",
            "apellido_paterno": "Eche",
            "apellido_materno": "Herna",
            "tipo_documento": "DNI",
            "user": 18
        }
    },
    {
        "model": "institucion.alumno",
        "pk": 10,
        "fields": {
            "creation_date": "2023-05-10T03:18:14.796Z",
            "update_date": "2023-05-10T03:18:14.796Z",
            "estate": "A",
            "nro_documento": "61427763",
            "nombres": "Adner Isaí",
            "apellido_paterno": "Rumiche",
            "apellido_materno": "Antón",
            "tipo_documento": "DNI",
            "user": 19
        }
    },
    {
        "model": "institucion.alumno",
        "pk": 11,
        "fields": {
            "creation_date": "2023-05-10T03:18:55.235Z",
            "update_date": "2023-05-10T03:18:55.235Z",
            "estate": "A",
            "nro_documento": "73727090",
            "nombres": "Tatiana Rubí",
            "apellido_paterno": "Antón",
            "apellido_materno": "Querevalú",
            "tipo_documento": "DNI",
            "user": 20
        }
    },
    {
        "model": "institucion.alumno",
        "pk": 12,
        "fields": {
            "creation_date": "2023-05-10T03:22:59.910Z",
            "update_date": "2023-05-10T03:22:59.910Z",
            "estate": "A",
            "nro_documento": "60379881",
            "nombres": "Milagros Elizabeth",
            "apellido_paterno": "Sánchez",
            "apellido_materno": "Antón",
            "tipo_documento": "DNI",
            "user": 21
        }
    },
    {
        "model": "institucion.alumno",
        "pk": 13,
        "fields": {
            "creation_date": "2023-05-10T03:26:33.484Z",
            "update_date": "2023-05-10T03:26:33.484Z",
            "estate": "A",
            "nro_documento": "61958224",
            "nombres": "Aaron Emanuel",
            "apellido_paterno": "Eche",
            "apellido_materno": "Chapilliquen",
            "tipo_documento": "DNI",
            "user": 22
        }
    },
    {
        "model": "institucion.alumno",
        "pk": 14,
        "fields": {
            "creation_date": "2023-05-10T03:28:03.428Z",
            "update_date": "2023-05-10T03:28:03.428Z",
            "estate": "A",
            "nro_documento": "61521665",
            "nombres": "Ken Israel",
            "apellido_paterno": "Fiestas",
            "apellido_materno": "Santur",
            "tipo_documento": "DNI",
            "user": 23
        }
    },
    {
        "model": "institucion.alumno",
        "pk": 15,
        "fields": {
            "creation_date": "2023-05-10T03:30:32.842Z",
            "update_date": "2023-05-10T03:30:32.842Z",
            "estate": "A",
            "nro_documento": "90003707",
            "nombres": "Andrea Del Milagro",
            "apellido_paterno": "Fiestas",
            "apellido_materno": "Eche",
            "tipo_documento": "DNI",
            "user": 24
        }
    },
    {
        "model": "institucion.alumno",
        "pk": 16,
        "fields": {
            "creation_date": "2023-05-10T03:33:54.634Z",
            "update_date": "2023-05-10T03:33:54.634Z",
            "estate": "A",
            "nro_documento": "61821457",
            "nombres": "Ingrid Pamela",
            "apellido_paterno": "More",
            "apellido_materno": "Ipanaque",
            "tipo_documento": "DNI",
            "user": 25
        }
    },
    {
        "model": "institucion.alumno",
        "pk": 17,
        "fields": {
            "creation_date": "2023-05-10T03:42:29.984Z",
            "update_date": "2023-05-10T03:42:29.984Z",
            "estate": "A",
            "nro_documento": "61821482",
            "nombres": "Osmar Raúl",
            "apellido_paterno": "Periche",
            "apellido_materno": "Querevalu",
            "tipo_documento": "DNI",
            "user": 26
        }
    },
    {
        "model": "institucion.alumno",
        "pk": 18,
        "fields": {
            "creation_date": "2023-05-10T03:46:35.328Z",
            "update_date": "2023-05-10T03:46:35.328Z",
            "estate": "A",
            "nro_documento": "62377931",
            "nombres": "Mariela de Guadalupe",
            "apellido_paterno": "Panta",
            "apellido_materno": "Periche",
            "tipo_documento": "DNI",
            "user": 27
        }
    },
    {
        "model": "institucion.alumno",
        "pk": 19,
        "fields": {
            "creation_date": "2023-05-10T03:53:14.610Z",
            "update_date": "2023-05-10T03:53:14.610Z",
            "estate": "A",
            "nro_documento": "62069371",
            "nombres": "Claudia Fiorella",
            "apellido_paterno": "Juarez",
            "apellido_materno": "Chuica",
            "tipo_documento": "DNI",
            "user": 28
        }
    },
    {
        "model": "institucion.alumno",
        "pk": 20,
        "fields": {
            "creation_date": "2023-05-10T10:50:16.728Z",
            "update_date": "2023-05-10T10:50:16.729Z",
            "estate": "A",
            "nro_documento": "61958279",
            "nombres": "Jesús David",
            "apellido_paterno": "Curo",
            "apellido_materno": "Periche",
            "tipo_documento": "DNI",
            "user": 29
        }
    },
    {
        "model": "institucion.alumno",
        "pk": 21,
        "fields": {
            "creation_date": "2023-05-10T11:12:17.667Z",
            "update_date": "2023-05-10T11:12:17.667Z",
            "estate": "A",
            "nro_documento": "61821589",
            "nombres": "Genesis jhoana",
            "apellido_paterno": "Bayona",
            "apellido_materno": "Alonso 6",
            "tipo_documento": "DNI",
            "user": 30
        }
    },
    {
        "model": "institucion.alumno",
        "pk": 22,
        "fields": {
            "creation_date": "2023-05-10T11:13:45.751Z",
            "update_date": "2023-05-10T11:13:45.751Z",
            "estate": "A",
            "nro_documento": "62377862",
            "nombres": "Alejandro jair",
            "apellido_paterno": "Flores",
            "apellido_materno": "Periche",
            "tipo_documento": "DNI",
            "user": 31
        }
    },
    {
        "model": "institucion.alumno",
        "pk": 23,
        "fields": {
            "creation_date": "2023-05-10T12:10:40.657Z",
            "update_date": "2023-05-10T12:10:40.657Z",
            "estate": "A",
            "nro_documento": "62628312",
            "nombres": "Segundo Daryl",
            "apellido_paterno": "Zeta",
            "apellido_materno": "Reyes",
            "tipo_documento": "DNI",
            "user": 32
        }
    },
    {
        "model": "institucion.alumno",
        "pk": 24,
        "fields": {
            "creation_date": "2023-05-10T12:40:17.409Z",
            "update_date": "2023-05-10T12:40:17.409Z",
            "estate": "A",
            "nro_documento": "61821596",
            "nombres": "Milagros del Rosario",
            "apellido_paterno": "Fiestas",
            "apellido_materno": "Eche",
            "tipo_documento": "DNI",
            "user": 33
        }
    },
    {
        "model": "institucion.alumno",
        "pk": 25,
        "fields": {
            "creation_date": "2023-05-10T20:40:58.251Z",
            "update_date": "2023-05-10T20:40:58.251Z",
            "estate": "A",
            "nro_documento": "63798197",
            "nombres": "PREITY ANGELY",
            "apellido_paterno": "AYALA",
            "apellido_materno": "LAMADRID",
            "tipo_documento": "DNI",
            "user": 34
        }
    },
    {
        "model": "institucion.alumno",
        "pk": 26,
        "fields": {
            "creation_date": "2023-05-10T22:10:50.568Z",
            "update_date": "2023-05-10T22:10:50.568Z",
            "estate": "A",
            "nro_documento": "79501146",
            "nombres": "JEAN JOSE FRANCO",
            "apellido_paterno": "CORTEZ",
            "apellido_materno": "SILVA",
            "tipo_documento": "DNI",
            "user": 35
        }
    },
    {
        "model": "institucion.alumno",
        "pk": 27,
        "fields": {
            "creation_date": "2023-05-10T22:11:40.940Z",
            "update_date": "2023-05-10T22:11:40.940Z",
            "estate": "A",
            "nro_documento": "79194233",
            "nombres": "AXEL OMAR",
            "apellido_paterno": "MEDINA",
            "apellido_materno": "RAMOS",
            "tipo_documento": "DNI",
            "user": 36
        }
    },
    {
        "model": "institucion.alumno",
        "pk": 28,
        "fields": {
            "creation_date": "2023-05-10T22:12:29.628Z",
            "update_date": "2023-05-10T22:12:29.628Z",
            "estate": "A",
            "nro_documento": "79242720",
            "nombres": "ESTEFANY GUADALUPE",
            "apellido_paterno": "CHUNGA",
            "apellido_materno": "VISE",
            "tipo_documento": "DNI",
            "user": 37
        }
    },
    {
        "model": "institucion.alumno",
        "pk": 29,
        "fields": {
            "creation_date": "2023-05-10T22:13:36.126Z",
            "update_date": "2023-05-10T22:13:36.126Z",
            "estate": "A",
            "nro_documento": "79206459",
            "nombres": "CARLOS MIGUEL",
            "apellido_paterno": "GALAN",
            "apellido_materno": "MACALUPU",
            "tipo_documento": "DNI",
            "user": 38
        }
    },
    {
        "model": "institucion.alumno",
        "pk": 30,
        "fields": {
            "creation_date": "2023-05-10T22:14:25.846Z",
            "update_date": "2023-05-10T22:14:25.846Z",
            "estate": "A",
            "nro_documento": "79345259",
            "nombres": "MIGUEL ANGEL",
            "apellido_paterno": "PERICHE",
            "apellido_materno": "NAMUCHE",
            "tipo_documento": "DNI",
            "user": 39
        }
    },
    {
        "model": "institucion.alumno",
        "pk": 31,
        "fields": {
            "creation_date": "2023-05-10T22:15:20.654Z",
            "update_date": "2023-05-10T22:15:20.654Z",
            "estate": "A",
            "nro_documento": "79592151",
            "nombres": "LIA MAYTE",
            "apellido_paterno": "FIESTAS",
            "apellido_materno": "PERICHE",
            "tipo_documento": "DNI",
            "user": 40
        }
    },
    {
        "model": "institucion.alumno",
        "pk": 32,
        "fields": {
            "creation_date": "2023-05-10T22:16:06.956Z",
            "update_date": "2023-05-10T22:16:06.956Z",
            "estate": "A",
            "nro_documento": "79127132",
            "nombres": "SARITA NOEMI",
            "apellido_paterno": "RAMOS",
            "apellido_materno": "ALAMA",
            "tipo_documento": "DNI",
            "user": 41
        }
    },
    {
        "model": "institucion.alumno",
        "pk": 33,
        "fields": {
            "creation_date": "2023-05-10T22:18:13.933Z",
            "update_date": "2023-05-10T22:18:13.933Z",
            "estate": "A",
            "nro_documento": "79571145",
            "nombres": "BRIANNA ELIZABETH",
            "apellido_paterno": "RUMICHE",
            "apellido_materno": "REYES",
            "tipo_documento": "DNI",
            "user": 42
        }
    },
    {
        "model": "institucion.alumno",
        "pk": 34,
        "fields": {
            "creation_date": "2023-05-10T22:19:07.942Z",
            "update_date": "2023-05-10T22:19:07.942Z",
            "estate": "A",
            "nro_documento": "79603155",
            "nombres": "EMMANUEL JESUS VALENTIN",
            "apellido_paterno": "BONILLA",
            "apellido_materno": "CHUNGA",
            "tipo_documento": "DNI",
            "user": 43
        }
    },
    {
        "model": "institucion.alumno",
        "pk": 35,
        "fields": {
            "creation_date": "2023-05-10T22:20:18.343Z",
            "update_date": "2023-05-10T22:20:18.343Z",
            "estate": "A",
            "nro_documento": "79167443",
            "nombres": "PERCY JHOEL",
            "apellido_paterno": "FERNANDEZ",
            "apellido_materno": "PAZO",
            "tipo_documento": "DNI",
            "user": 44
        }
    },
    {
        "model": "institucion.alumno",
        "pk": 36,
        "fields": {
            "creation_date": "2023-05-10T22:21:18.518Z",
            "update_date": "2023-05-10T22:21:18.518Z",
            "estate": "A",
            "nro_documento": "79149442",
            "nombres": "ANGIE MARIANA",
            "apellido_paterno": "VISE",
            "apellido_materno": "ECHE",
            "tipo_documento": "DNI",
            "user": 45
        }
    },
    {
        "model": "institucion.alumno",
        "pk": 37,
        "fields": {
            "creation_date": "2023-05-10T22:23:16.414Z",
            "update_date": "2023-05-10T22:23:16.414Z",
            "estate": "A",
            "nro_documento": "79184768",
            "nombres": "XIOMARA YAMILETH",
            "apellido_paterno": "SIESQUEN",
            "apellido_materno": "MARTINEZ",
            "tipo_documento": "DNI",
            "user": 46
        }
    },
    {
        "model": "institucion.alumno",
        "pk": 38,
        "fields": {
            "creation_date": "2023-05-10T22:24:19.730Z",
            "update_date": "2023-05-10T22:24:19.730Z",
            "estate": "A",
            "nro_documento": "79249733",
            "nombres": "ANGELO DANIEL",
            "apellido_paterno": "TUME",
            "apellido_materno": "QUEREVALU",
            "tipo_documento": "DNI",
            "user": 47
        }
    },
    {
        "model": "institucion.alumno",
        "pk": 39,
        "fields": {
            "creation_date": "2023-05-11T00:09:22.830Z",
            "update_date": "2023-05-11T00:09:22.830Z",
            "estate": "A",
            "nro_documento": "61958222",
            "nombres": "ANGEL DAVID",
            "apellido_paterno": "MACALUPU",
            "apellido_materno": "BAYONA",
            "tipo_documento": "DNI",
            "user": 48
        }
    },
    {
        "model": "institucion.alumno",
        "pk": 40,
        "fields": {
            "creation_date": "2023-05-11T01:44:42.117Z",
            "update_date": "2023-05-11T01:44:42.117Z",
            "estate": "A",
            "nro_documento": "61958301",
            "nombres": "Gladys Jasmin",
            "apellido_paterno": "Bayona",
            "apellido_materno": "Reymundo",
            "tipo_documento": "DNI",
            "user": 49
        }
    },
    {
        "model": "institucion.alumno",
        "pk": 41,
        "fields": {
            "creation_date": "2023-05-11T21:07:03.123Z",
            "update_date": "2023-05-11T21:07:03.123Z",
            "estate": "A",
            "nro_documento": "79280684",
            "nombres": "Eliane",
            "apellido_paterno": "Salazar",
            "apellido_materno": "Llenque",
            "tipo_documento": "DNI",
            "user": 50
        }
    },
    {
        "model": "institucion.alumno",
        "pk": 42,
        "fields": {
            "creation_date": "2023-05-11T21:08:21.613Z",
            "update_date": "2023-05-11T21:08:21.613Z",
            "estate": "A",
            "nro_documento": "79247697",
            "nombres": "Anthony Valentin",
            "apellido_paterno": "Castillo",
            "apellido_materno": "Anton",
            "tipo_documento": "DNI",
            "user": 51
        }
    },
    {
        "model": "institucion.alumno",
        "pk": 43,
        "fields": {
            "creation_date": "2023-05-11T21:09:29.526Z",
            "update_date": "2023-05-11T21:09:29.526Z",
            "estate": "A",
            "nro_documento": "79313716",
            "nombres": "Kevin",
            "apellido_paterno": "Valiente",
            "apellido_materno": "Arisis",
            "tipo_documento": "DNI",
            "user": 52
        }
    },
    {
        "model": "institucion.alumno",
        "pk": 44,
        "fields": {
            "creation_date": "2023-05-11T21:11:22.174Z",
            "update_date": "2023-05-11T21:11:22.174Z",
            "estate": "A",
            "nro_documento": "79477424",
            "nombres": "Diana",
            "apellido_paterno": "Velasquez",
            "apellido_materno": "Purizaca",
            "tipo_documento": "DNI",
            "user": 53
        }
    },
    {
        "model": "recursos.recurso",
        "pk": 19,
        "fields": {
            "creation_date": "2023-04-24T01:43:39.086Z",
            "update_date": "2023-04-24T01:43:39.086Z",
            "estate": "A",
            "titulo": "¿Por qué son importantes las vacunas?",
            "descripcion": "Radioteatro para reflexionar en familia sobre la importancia de las vacunas. \r\nEstudiante: Adrián David Zapata Zarpán\r\nGrado: Tercer Grado de Primaria\r\nAño: 2022",
            "contenido": "",
            "tipo": "P",
            "institucion": 1,
            "original_filename": "recurso/2022/04/13/d234f7f4887f487eb1b512327f8d5ee0.mp3",
            "miniatura": "recurso/2022/04/13/fbe1e8e4f8f3442192fa0c8640f2b5b9.png"
        }
    },
    {
        "model": "recursos.recurso",
        "pk": 20,
        "fields": {
            "creation_date": "2023-04-24T01:43:39.079Z",
            "update_date": "2023-04-24T01:43:39.079Z",
            "estate": "A",
            "titulo": "¿Por qué no debemos consumir bebidas azucaradas?",
            "descripcion": "\"Radioteatro para reflexionar\" ¿Por qué es importante no tomar bebidas azucaradas? \r\nEl Ministerio de Salud recomienda reducir el consumo de bebidas azucaradas que aportan grandes cantidades de calorías vacías al organismo, ya que pueden producir importantes consecuencias en la salud como la obesidad, la diabetes y otras enfermedades.\r\n Acompáñennos a escuchar este radioteatro y reflexionemos juntos en familia. \r\nFamilia Alarico Amaya IIE San Martín-Sechura",
            "contenido": "",
            "tipo": "P",
            "institucion": 1,
            "original_filename": "recurso/2022/04/13/33c871312f054d25be103449ae53cf52.mpeg",
            "miniatura": "recurso/2022/04/13/048b911615da408bbc2fb7de0443aee0.jpeg"
        }
    },
    {
        "model": "recursos.recurso",
        "pk": 21,
        "fields": {
            "creation_date": "2023-04-24T01:43:39.072Z",
            "update_date": "2023-04-24T01:43:39.072Z",
            "estate": "A",
            "titulo": "¿Qué debemos hacer frente a un fenómeno natural?",
            "descripcion": "\"Radioteatro para reflexionar juntos en familia\" \r\nEste radioteatro describe cómo actúa una familia frente a un sismo. ¿Y tú cómo actúas frente a un fenómeno natural? \r\nIEE San Martín - Sechura \r\nParticipación: Familia Vargas Flores\r\nGrado: 2do Grado de Primaria.\r\nAño: 2021",
            "contenido": "",
            "tipo": "P",
            "institucion": 1,
            "original_filename": "recurso/2022/04/13/90523224581f4fc983e0739084645b6d.mpeg",
            "miniatura": "recurso/2022/04/13/93370fecf9424069ae51f7fab24250b9.jpeg"
        }
    },
    {
        "model": "recursos.recurso",
        "pk": 23,
        "fields": {
            "creation_date": "2023-04-24T01:43:39.062Z",
            "update_date": "2023-04-24T01:43:39.062Z",
            "estate": "A",
            "titulo": "SOMOS CIUDADANOS DEL BICENTENARIO",
            "descripcion": "A través de este cortometraje se manifiesta la problemática social de nuestro país y el reto que tenemos cada uno de nosotros para transformar una sociedad mejor ya que de esa forma actuando con libertad pero respetando los derechos de los demás seremos ciudadanos del Bicentenario. \r\nEstudiante: Lázaro Amaya Galán IEE San Martín - Sechura",
            "contenido": "https://youtu.be/nrDUz8zScg8",
            "tipo": "R",
            "institucion": 1,
            "original_filename": "",
            "miniatura": "recurso/2022/04/13/a1c97ab743344440ae7f362a52fc9a71.jpeg"
        }
    },
    {
        "model": "recursos.recurso",
        "pk": 24,
        "fields": {
            "creation_date": "2023-04-24T01:43:39.054Z",
            "update_date": "2023-04-24T01:43:39.054Z",
            "estate": "A",
            "titulo": "PERÚ, SÍ SE PUEDE",
            "descripcion": "En el Perú de hoy, tenemos muchos retos para forjar una mejor sociedad. “IMAGINAR PARA TRANSFORMAR, EL PAÍS QUE QUEREMOS CONSTRUIR“, nos permite ser partícipes activos de los cambios y permanencias de nuestro país. \r\nCada día es una oportunidad para levantarse y decir: Perú, ¡sí, se puede! …\r\nEstudiante: Brayan Purizaca Fiestas - IEE San Martín",
            "contenido": "https://youtu.be/8MXz7Z8sJng",
            "tipo": "R",
            "institucion": 1,
            "original_filename": "",
            "miniatura": "recurso/2022/04/13/88c0aa7a68484b20b7137a38fee0ffc7.jpeg"
        }
    },
    {
        "model": "recursos.recurso",
        "pk": 29,
        "fields": {
            "creation_date": "2023-04-24T01:43:39.044Z",
            "update_date": "2023-04-24T01:43:39.044Z",
            "estate": "A",
            "titulo": "¿Por qué no debemos consumir bebidas azucaradas?",
            "descripcion": "\"Radioteatro para reflexionar\" \r\n¿Por qué es importante no tomar bebidas azucaradas?\r\nParticipantes: \r\nFamilia Antón Cumpa\r\nTercer Grado de Primaria\r\nAño 2021",
            "contenido": "",
            "tipo": "P",
            "institucion": 1,
            "original_filename": "recurso/2022/04/13/aec0cb96cdf74477a78eb4934369a965.mpeg",
            "miniatura": "recurso/2022/04/13/5ac58777fa244f0abcba4e27a3037c55.jpeg"
        }
    },
    {
        "model": "recursos.recurso",
        "pk": 31,
        "fields": {
            "creation_date": "2023-04-24T01:43:39.034Z",
            "update_date": "2023-04-24T01:43:39.034Z",
            "estate": "A",
            "titulo": "Números del 1 al 5",
            "descripcion": "Ficha interactiva ideal para estudiantes del nivel inicial.",
            "contenido": "https://www.topworksheets.com/embed/números-del-1-al-5-61e25398bad20?language=es",
            "tipo": "F",
            "institucion": 1,
            "original_filename": "",
            "miniatura": "recurso/2022/04/13/3d90b5bea68f4a709cbeee209c626b74.png"
        }
    },
    {
        "model": "recursos.recurso",
        "pk": 32,
        "fields": {
            "creation_date": "2023-04-24T01:43:39.024Z",
            "update_date": "2023-04-24T01:43:39.024Z",
            "estate": "A",
            "titulo": "LUGARES DE SECHURA",
            "descripcion": "Ficha de comprensión lectora. Edad: 5 - 7 años.",
            "contenido": "https://www.topworksheets.com/embed/observo-leo-y-escribo-61e1afe84c3cd?language=es",
            "tipo": "F",
            "institucion": 1,
            "original_filename": "",
            "miniatura": "recurso/2022/04/13/4e7f21a4a0ea46388d8e88cbfacf726a.jpg"
        }
    },
    {
        "model": "recursos.recurso",
        "pk": 33,
        "fields": {
            "creation_date": "2023-04-24T01:43:39.014Z",
            "update_date": "2023-04-24T01:43:39.014Z",
            "estate": "A",
            "titulo": "COMPRENDO LO QUE LEO",
            "descripcion": "Ficha de comprensión lectora. Edad: 5 - 7 años.",
            "contenido": "https://www.topworksheets.com/embed/comprendo-lo-qie-617855634a71c?language=es",
            "tipo": "F",
            "institucion": 1,
            "original_filename": "",
            "miniatura": "recurso/2022/04/13/2c151a709c3b44f28dca842752183d5b.jpg"
        }
    },
    {
        "model": "recursos.recurso",
        "pk": 34,
        "fields": {
            "creation_date": "2023-04-24T01:43:39.003Z",
            "update_date": "2023-04-24T01:43:39.003Z",
            "estate": "A",
            "titulo": "EL ABRIGO DE DON PANCHO",
            "descripcion": "Narración sechurana recopilada por Elena Guadalupe Dedios Sernaqué, alumna del Segundo Grado de la IEE San Martín de Sechura. \r\nTrata sobre un hombre que ayudó amablemente a una muchacha, sin saber que ella había fallecido años atrás.",
            "contenido": "",
            "tipo": "L",
            "institucion": 1,
            "original_filename": "recurso/2022/04/13/310f9495b93a40ab83bfab96b3c2bf34.pdf",
            "miniatura": "recurso/2022/04/13/51e9d8a77bea4c908314b125cad08d3b.jpg"
        }
    },
    {
        "model": "recursos.recurso",
        "pk": 35,
        "fields": {
            "creation_date": "2023-04-24T01:43:38.993Z",
            "update_date": "2023-04-24T01:43:38.993Z",
            "estate": "A",
            "titulo": "EL FAROLITO",
            "descripcion": "Narración sechurana recopilada por Vicente Josué De la Cruz Rumiche, estudiante de Segundo Grado B de la IEE San MArtín de Sechura. Esta historia narra sobre las apariciones de una luz misterisosa que espantaba a los choferes.",
            "contenido": "",
            "tipo": "L",
            "institucion": 1,
            "original_filename": "recurso/2022/04/13/c26ff3a6020d4adbadc2d7438500a325.pdf",
            "miniatura": "recurso/2022/04/13/423883abc3524d458ff62bee89905262.jpg"
        }
    },
    {
        "model": "recursos.recurso",
        "pk": 36,
        "fields": {
            "creation_date": "2023-04-24T01:43:38.983Z",
            "update_date": "2023-04-24T01:43:38.983Z",
            "estate": "A",
            "titulo": "EL AGRICULTOR Y MARÍA DOMINGA",
            "descripcion": "Leyenda sechurana recopilada por Mártir Alexis Querevalú Silva, estudiante de Segundo Grado de Primaria de la IEE San Martín de Sechura. Esta historia narra sobre la aparición de una bella mujer a un humilde agricultor; los pobladores la llaman María Dominga.",
            "contenido": "",
            "tipo": "L",
            "institucion": 1,
            "original_filename": "recurso/2022/04/13/110b7fadf54444b1836c41f3354c0d2d.pdf",
            "miniatura": "recurso/2022/04/13/9e8fe69304e24a89aebbebdf70bca7b1.jpg"
        }
    },
    {
        "model": "recursos.recurso",
        "pk": 37,
        "fields": {
            "creation_date": "2023-04-24T01:43:38.976Z",
            "update_date": "2023-04-24T01:43:38.976Z",
            "estate": "A",
            "titulo": "EL BARCO FANTASMA",
            "descripcion": "Leyenda sechurana recopilada por Diego Cristaldo Eche Herna, estudiante de Primer Grado de Primaria de la IEE San Martín de Sechura. Esta historia cuenta sobre un \"barco fantasma\" que siempre asusta a los pescadores en un lugar llamado \"Reventazón\" (Bayóvar).",
            "contenido": "",
            "tipo": "L",
            "institucion": 1,
            "original_filename": "recurso/2022/04/13/1210aa1191d64382b3e5dfa292cdee9d.pdf",
            "miniatura": "recurso/2022/04/13/5c9aca4fe47b443db333c7436a182854.jpg"
        }
    },
    {
        "model": "recursos.recurso",
        "pk": 38,
        "fields": {
            "creation_date": "2023-04-24T01:43:38.967Z",
            "update_date": "2023-04-24T01:43:38.967Z",
            "estate": "A",
            "titulo": "EL HUMILDE GUARDIÁN",
            "descripcion": "Cuento sechurano recopilado por Zoe Noemí Fiestas Fiestas, estudiante del Primer grado de Primaria de la IEE San Martín de Sechura. Este texto narra la historia de un gusrdián que fue sorprendido por un duendecillo bondadoso.",
            "contenido": "",
            "tipo": "L",
            "institucion": 1,
            "original_filename": "recurso/2022/04/13/b83c6ca4bbef4af186de64ebde7995fc.pdf",
            "miniatura": "recurso/2022/04/13/cce01e798671439899b4c89cb9af7595.jpg"
        }
    },
    {
        "model": "recursos.recurso",
        "pk": 39,
        "fields": {
            "creation_date": "2023-04-24T01:43:38.958Z",
            "update_date": "2023-04-24T01:43:38.958Z",
            "estate": "A",
            "titulo": "El encanto de la Isla",
            "descripcion": "Historia recopilada y adaptada por Elizabeth Valverde Suyón docente de la Institución Educativa 14745 - UGEL Paita y promotora de AYLLUMEVAL Proyecto ganador - FONDEP 2021.",
            "contenido": "",
            "tipo": "U",
            "institucion": 1,
            "original_filename": "recurso/2022/04/13/15bfd66bc3b848cabbcb210ea5a40909.pdf",
            "miniatura": "recurso/2022/04/13/74cfa77b30824c4c9e69f2d3c62eb6b7.jpg"
        }
    },
    {
        "model": "recursos.recurso",
        "pk": 40,
        "fields": {
            "creation_date": "2023-04-24T01:43:38.950Z",
            "update_date": "2023-04-24T01:43:38.950Z",
            "estate": "A",
            "titulo": "LA PALOMA MISTERIOSA",
            "descripcion": "Cuento creado por Génesis Panta Aguirre\r\nAutora: Génesis Panta Aguirre Estudiante de Segundo Grado de Primaria de la IEE San Martín - Sechura",
            "contenido": "",
            "tipo": "U",
            "institucion": 1,
            "original_filename": "recurso/2022/04/13/d81ec67e36b543f7bddae325aea896cd.pdf",
            "miniatura": "recurso/2022/04/13/4dae0d98fe6a445aa8c529ad4cc75fac.jpg"
        }
    },
    {
        "model": "recursos.recurso",
        "pk": 41,
        "fields": {
            "creation_date": "2023-04-24T01:43:38.940Z",
            "update_date": "2023-04-24T01:43:38.940Z",
            "estate": "A",
            "titulo": "PROGRAMA RADIAL: CURIOSIDADES",
            "descripcion": "En este podcast podrás escuchar el programa radial a cargo de la docente y estudiantes de tercer grado de primaria de la IE San Martín, acerca de curiosidades sobre el cuidado de nuestra salud.",
            "contenido": "",
            "tipo": "P",
            "institucion": 1,
            "original_filename": "recurso/2022/04/13/697cceb9dc7d4b2099ef2860284e088f.mp3",
            "miniatura": "recurso/2022/04/13/5a3b1b3e379a451e9b6ae1dee7221ebd.png"
        }
    },
    {
        "model": "recursos.recurso",
        "pk": 42,
        "fields": {
            "creation_date": "2023-04-24T01:43:38.930Z",
            "update_date": "2023-04-24T01:43:38.930Z",
            "estate": "A",
            "titulo": "PAULA LA NIÑA QUE SOLO COMÍA ESPAGUETIS",
            "descripcion": "La historia trata de las consecuencias que tuvo una niña por comer solamente espaguetis, pues no quería comer otro tipo de alimentos.\r\nCuento narrado por Marisol Pazos Nunura, docente de la IE San Martín de Sechura. Con la participación de estudiantes de primer grado de primaria.",
            "contenido": "",
            "tipo": "A",
            "institucion": 1,
            "original_filename": "recurso/2022/04/13/8e7620602cbd4d43bb9697baabe5544a.mp3",
            "miniatura": "recurso/2022/04/13/6f004de11d27428cab4169537d3f483a.png"
        }
    },
    {
        "model": "recursos.recurso",
        "pk": 43,
        "fields": {
            "creation_date": "2023-04-24T01:43:38.920Z",
            "update_date": "2023-04-24T01:43:38.920Z",
            "estate": "A",
            "titulo": "ILLESCAS",
            "descripcion": "En este podcast realizado por Julio César Eche Zeta, estudiante del nivel Secundario, conocerás cómo es la Zona Reservada de Illescas y cómo puede contribuir en su conservación. \r\nInvitado Especial: Biólogo Frank Suárez Pingo",
            "contenido": "",
            "tipo": "P",
            "institucion": 1,
            "original_filename": "recurso/2022/04/13/23bae66318384f6ca9b2e12eefde151e.mp3",
            "miniatura": "recurso/2022/04/13/ff93dd58015e445e821ba0a23e87a6e4.jpg"
        }
    },
    {
        "model": "recursos.recurso",
        "pk": 44,
        "fields": {
            "creation_date": "2023-04-24T01:43:38.910Z",
            "update_date": "2023-04-24T01:43:38.910Z",
            "estate": "A",
            "titulo": "ÑAPIQUE, UNA PERLA EN EL DESIERTO DE SECHURA",
            "descripcion": "En este podcast realizado por el docente Denis Ipanaqué Cortez y la participación del estudiante Luis Joel Fernández Chunga de la IE San Martín, podrás conocer una maravilla sechurana. \r\nEste podcast se realizó por celebrar el Bicentenario de nuestro país y valorar nuestra riqueza y biodiversidad.",
            "contenido": "",
            "tipo": "P",
            "institucion": 1,
            "original_filename": "recurso/2022/04/13/43e528577d9f4842bc027810c41e6f3b.mp3",
            "miniatura": "recurso/2022/04/13/3ab0166a62d64eeea8d0bf994a216316.png"
        }
    },
    {
        "model": "recursos.recurso",
        "pk": 45,
        "fields": {
            "creation_date": "2023-04-24T01:43:38.899Z",
            "update_date": "2023-04-24T01:43:38.899Z",
            "estate": "A",
            "titulo": "HISTORIA DE LA VIRGEN DE LAS MERCEDES DE PAITA",
            "descripcion": "Historia narrada por Jesús Milagritos Paiva Tume, Docente de la IE Virgen de las Mercedes-Paita",
            "contenido": "https://padlet-uploads.storage.googleapis.com/501304694/baf21ec3a939502b9f09eb6ba83da346/videoplayback__19_.mp4",
            "tipo": "Y",
            "institucion": 1,
            "original_filename": "",
            "miniatura": "recurso/2022/04/13/38a3c163404f4fb4ab90a23c2570478d.png"
        }
    },
    {
        "model": "recursos.recurso",
        "pk": 46,
        "fields": {
            "creation_date": "2023-04-24T01:43:38.888Z",
            "update_date": "2023-04-24T01:43:38.888Z",
            "estate": "A",
            "titulo": "EL MITO DEL CHILALO",
            "descripcion": "\"El mito del chilalo\" Autor: Genaro Maza Vera Adaptado por: Jesús Milagritos Paiva Tume IE Virgen de las Mercedes - Paita",
            "contenido": "https://padlet-uploads.storage.googleapis.com/501304694/c6ce5eba9cd44fb560ab03a0fce4bcd4/videoplayback__18_.mp4",
            "tipo": "Y",
            "institucion": 1,
            "original_filename": "",
            "miniatura": "recurso/2022/04/13/3cab77c17b664dacb61dc94f6c084851.jpeg"
        }
    },
    {
        "model": "recursos.recurso",
        "pk": 47,
        "fields": {
            "creation_date": "2023-04-24T01:43:38.878Z",
            "update_date": "2023-04-24T01:43:38.878Z",
            "estate": "A",
            "titulo": "LEEMOS UNA HISTORIA",
            "descripcion": "Lectura y comprensión de textos. Primer Grado de primaria.",
            "contenido": "https://padlet-uploads.storage.googleapis.com/501304694/2ec6d5ad23d1146aa6c90ddf03447867/videoplayback__22_.mp4",
            "tipo": "Y",
            "institucion": 1,
            "original_filename": "",
            "miniatura": "recurso/2022/04/13/99aa6af06c7e4682825253e08682210b.png"
        }
    },
    {
        "model": "recursos.recurso",
        "pk": 48,
        "fields": {
            "creation_date": "2023-04-24T01:43:38.874Z",
            "update_date": "2023-04-24T01:43:38.874Z",
            "estate": "A",
            "titulo": "RESOLVEMOS PROBLEMAS",
            "descripcion": "Usamos monedas y billetes para resolver problemas de compra y venta\r\nRecurso que orienta a docentes, padres y estudiantes a resolver problemas y a explicar por qué se debe sumar o restar. Primer y Segundo Grado de Primaria",
            "contenido": "https://padlet-uploads.storage.googleapis.com/501304694/e671b1ba0b188486db39fde18938a22b/videoplayback__19_.mp4",
            "tipo": "Y",
            "institucion": 1,
            "original_filename": "",
            "miniatura": "recurso/2022/04/13/06abb83b6ed34ec88efc3e96e3800514.jpeg"
        }
    },
    {
        "model": "recursos.recurso",
        "pk": 49,
        "fields": {
            "creation_date": "2023-04-24T01:43:38.866Z",
            "update_date": "2023-04-24T01:43:38.866Z",
            "estate": "A",
            "titulo": "LA DUPLA MÁGICA",
            "descripcion": "Juego matemático para estudiantes de primaria.",
            "contenido": "",
            "tipo": "G",
            "institucion": 1,
            "original_filename": "recurso/2022/04/13/526b33734dca460ab173af976b1acb31.3gpp",
            "miniatura": "recurso/2022/04/13/0140efad713f4d619097598f7cf6465a.png"
        }
    },
    {
        "model": "recursos.recurso",
        "pk": 50,
        "fields": {
            "creation_date": "2023-04-24T01:43:38.856Z",
            "update_date": "2023-04-24T01:43:38.856Z",
            "estate": "A",
            "titulo": "EL ABRIGO DE DON PACHO",
            "descripcion": "Narración sechurana recopilada por Elena Guadalupe Dedios Sernaqué, alumna del Segundo Grado de la IEE San Martín de Sechura. Trata sobre un hombre que ayudó amablemente a una muchacha, sin saber que ella había fallecido años atrás.",
            "contenido": "",
            "tipo": "L",
            "institucion": 1,
            "original_filename": "recurso/2022/04/13/515484e250ed44bf8d1210f06496028e.pdf",
            "miniatura": "recurso/2022/04/13/ef42bd0d41d2493c820dbc35adea825e.jpg"
        }
    },
    {
        "model": "recursos.recurso",
        "pk": 51,
        "fields": {
            "creation_date": "2023-04-24T01:43:38.846Z",
            "update_date": "2023-04-24T01:43:38.846Z",
            "estate": "A",
            "titulo": "LA CHANCHA MISTERIOSA",
            "descripcion": "Los cuentan los antiguos pobladores de Sechura, que hace mucho tiempo, aparecía un animal, en las noches de Luna llena. Este animal asustaba a todo aquel que salía a la calle en altas horas de la noche. ¿Quieren saber más de esta historia? Te invitamos a escuchar el cuento \"La chancha misteriosa\"\r\nHistoria narrada por la Jackelin Rumiche Ayala, docente de la IE San Martín.",
            "contenido": "",
            "tipo": "A",
            "institucion": 1,
            "original_filename": "recurso/2022/04/13/db8af31eea0147889e264b9c43e9ba02.mp3",
            "miniatura": "recurso/2022/04/13/850c9abc73c942529cd0da4c90b7720e.png"
        }
    },
    {
        "model": "recursos.recurso",
        "pk": 52,
        "fields": {
            "creation_date": "2023-04-24T01:43:38.836Z",
            "update_date": "2023-04-24T01:43:38.836Z",
            "estate": "A",
            "titulo": "EL HUACO ENAMORADO",
            "descripcion": "Historia narrada por Areliz Flores Eche, estudiante de la IE San Martín. \r\nEsta historia narra sobre un hombrecito muy pequeño que se enamoró de una humilde muchacha y de los peligros a la que se expuso por ser muy curiosa.",
            "contenido": "",
            "tipo": "A",
            "institucion": 1,
            "original_filename": "recurso/2022/04/13/3cf5fcb1e9b940388d4540999059eb92.mp3",
            "miniatura": "recurso/2022/04/13/876686ae6c924a54894d8c0e39520184.png"
        }
    },
    {
        "model": "recursos.recurso",
        "pk": 55,
        "fields": {
            "creation_date": "2023-04-24T01:43:38.826Z",
            "update_date": "2023-04-24T01:43:38.826Z",
            "estate": "A",
            "titulo": "¿Qué son las Veedurías Escolares?",
            "descripcion": "Programación de Veedurías Escolares 2022 \r\nTemática Nacional: Retorno escolar (del 11 de mayo al 5 de junio)\r\nTemáticas Regionales (Del 20 de junio al 10 de julio)\r\nTemática Nacional: Retorno escolar (del 01 al 21 de setiembre)\r\nTemáticas Regionales (Del 11 al 31 de octubre)\r\nEntérate más sobre las veedurías escolares en: https://www.gob.pe/institucion/contraloria/campa%C3%B1as/3810-veedurias-escolares-2022\r\nParticipación en video: Estudiantes del Nivel Secundaria-IEE San Martín - Sechura.",
            "contenido": "https://youtu.be/uEqg-vx4_xw",
            "tipo": "R",
            "institucion": 1,
            "original_filename": "",
            "miniatura": "recurso/2022/06/01/3ce6e9dcd19747bd98433da8dc52c965.JPG"
        }
    },
    {
        "model": "recursos.recurso",
        "pk": 56,
        "fields": {
            "creation_date": "2023-04-24T01:43:38.816Z",
            "update_date": "2023-04-24T01:43:38.816Z",
            "estate": "A",
            "titulo": "Manejo y uso del agua, conocimiento ancestral incaico",
            "descripcion": "Artículo de opinión: Manejo y uso del agua, conocimiento ancestral incaico.\r\nAutor: Yomar Lionel Cerin Eche \r\nEstudiante de 1° de Secundaria - Sección José Martí\r\nIEE San Martín - Sechura.\r\nDocente: José Mercedes Tume Fiestas.",
            "contenido": "",
            "tipo": "U",
            "institucion": 1,
            "original_filename": "recurso/2022/06/01/9f91bffeee594d2db0650a37bc7a4e4e.pdf",
            "miniatura": "recurso/2022/06/01/fefb8d9301dd49c49bd2f81f6c2b6cca.JPG"
        }
    },
    {
        "model": "recursos.recurso",
        "pk": 57,
        "fields": {
            "creation_date": "2023-04-24T01:43:38.806Z",
            "update_date": "2023-04-24T01:43:38.806Z",
            "estate": "A",
            "titulo": "Nos cuidamos del dengue escribiendo RIMAS",
            "descripcion": "Producciones realizadas por estudiantes de Segundo grado de primaria de la IEE San Martín.\r\nRimas para el cuidado y prevención del dengue.\r\nDocente: María Esther Tume Pacheco.",
            "contenido": "",
            "tipo": "U",
            "institucion": 1,
            "original_filename": "recurso/2022/06/01/92bdcda2eb40468c953b597524e20a3e.pdf",
            "miniatura": "recurso/2022/06/01/980ce9a926ed457dabe8c80a42e31754.png"
        }
    },
    {
        "model": "recursos.recurso",
        "pk": 60,
        "fields": {
            "creation_date": "2023-04-24T01:43:38.797Z",
            "update_date": "2023-04-24T01:43:38.797Z",
            "estate": "A",
            "titulo": "Danza \"Las Cusqueñas\"",
            "descripcion": "Danza típica de Sechura, bailada en la Festividad del Niño Dios. \r\nParticipantes: Elena y Milagros Dedios Sernaqué.",
            "contenido": "https://youtu.be/aNukCa7n7Pw",
            "tipo": "R",
            "institucion": 1,
            "original_filename": "",
            "miniatura": "recurso/2022/06/06/48fa2b46795942fba242f884ad38e1ce.JPG"
        }
    },
    {
        "model": "recursos.recurso",
        "pk": 61,
        "fields": {
            "creation_date": "2023-04-24T01:43:38.789Z",
            "update_date": "2023-04-24T01:43:38.789Z",
            "estate": "A",
            "titulo": "¿Por qué nos contagiamos de dengue?",
            "descripcion": "Radioteatro para reflexionar.\r\nParticipación de las familias Morales Varela y Pazo Maza-Tercer Grado de Primaria-IEE San Martín.",
            "contenido": "",
            "tipo": "P",
            "institucion": 1,
            "original_filename": "recurso/2022/06/06/b0c5c4d103c04f3b971f7158d5e85615.mp3",
            "miniatura": "recurso/2022/06/06/2142456151bc43cf81e4d4cba3c4a268.png"
        }
    },
    {
        "model": "recursos.recurso",
        "pk": 62,
        "fields": {
            "creation_date": "2023-04-24T01:43:38.781Z",
            "update_date": "2023-04-24T01:43:38.781Z",
            "estate": "A",
            "titulo": "El encanto del cerro Vicús",
            "descripcion": "Leyenda recopilada por Luana Chiroque Adanaqué.\r\nIE Jesús Divino Maestro - Chulucanas - Morropón.",
            "contenido": "",
            "tipo": "A",
            "institucion": 1,
            "original_filename": "recurso/2022/06/06/6217cac5f5514343a860fa00512bb913.mp3",
            "miniatura": "recurso/2022/06/06/1f804f9c23cc45b09c4156cab61233f7.jpg"
        }
    },
    {
        "model": "recursos.recurso",
        "pk": 63,
        "fields": {
            "creation_date": "2023-04-24T01:43:38.772Z",
            "update_date": "2023-04-24T01:43:38.772Z",
            "estate": "A",
            "titulo": "¡Todos contra el dengue!",
            "descripcion": "Teatro familiar con la participación de estudiantes del 1er Grado de Primaria de la IE San Martín - Sechura.\r\nDocente: Olga Vite Vite.",
            "contenido": "https://youtu.be/yAcXDvLRMeM",
            "tipo": "Y",
            "institucion": 1,
            "original_filename": "",
            "miniatura": "recurso/2022/06/06/0d6ded7f69d8409aa9f13a5771b41286.jpg"
        }
    },
    {
        "model": "recursos.recurso",
        "pk": 64,
        "fields": {
            "creation_date": "2023-04-24T01:43:38.762Z",
            "update_date": "2023-04-24T01:43:38.762Z",
            "estate": "A",
            "titulo": "¿Por qué nos enfermamos de dengue?",
            "descripcion": "Radioteatro para reflexionar.\r\nParticipación de la familia Elías Silva del primer grado de primaria. IE San Martín-Sechura.\r\nDocente: Olga Vite Vite.",
            "contenido": "",
            "tipo": "P",
            "institucion": 1,
            "original_filename": "recurso/2022/06/06/fe41e1873b6d4f0eb719204724a51903.mp3",
            "miniatura": "recurso/2022/06/06/2ae96c4e0d944032833589c2c815a870.png"
        }
    },
    {
        "model": "recursos.recurso",
        "pk": 65,
        "fields": {
            "creation_date": "2023-04-24T01:43:38.752Z",
            "update_date": "2023-04-24T01:43:38.752Z",
            "estate": "A",
            "titulo": "Afiche para prevenir el dengue",
            "descripcion": "Producción de Doan Antón Tume, alumno del\r\nPrimer Grado Primaria de la IE  San Martín - Sechura.\r\nDocente: Karen Lourdes Pastor Fossa.",
            "contenido": "",
            "tipo": "U",
            "institucion": 1,
            "original_filename": "recurso/2022/06/06/f8e56b667bf04412b5d4b51410cfb03d.jpeg",
            "miniatura": "recurso/2022/06/06/e0178bcfbb4b4f38a73ff7911aa1cb5d.png"
        }
    },
    {
        "model": "recursos.recurso",
        "pk": 66,
        "fields": {
            "creation_date": "2023-04-24T01:43:38.742Z",
            "update_date": "2023-04-24T01:43:38.742Z",
            "estate": "A",
            "titulo": "El silbido del muerto",
            "descripcion": "Cuento del distrito de La Arena - Piura.\r\nRecopilado por Diego Armando Ancajima Santos. IE 14123 - La Arena",
            "contenido": "",
            "tipo": "L",
            "institucion": 1,
            "original_filename": "recurso/2022/06/06/f3531bbab9704c8e92c2297ad6f72045.pdf",
            "miniatura": "recurso/2022/06/06/d87e9f208c98411d9a995f91d1309244.JPG"
        }
    },
    {
        "model": "recursos.recurso",
        "pk": 67,
        "fields": {
            "creation_date": "2023-04-24T01:43:38.733Z",
            "update_date": "2023-04-24T01:43:38.733Z",
            "estate": "A",
            "titulo": "La banda de músicos y el Médano Blanco",
            "descripcion": "Leyenda sechurana. Recopilada y adaptada por: Jackelin Rumiche Ayala y Giovanna Rumiche Ayala, docentes de la IE San Martín-Sechura. Ilustración: Estudiante Manuel Periche Llenque.",
            "contenido": "",
            "tipo": "L",
            "institucion": 1,
            "original_filename": "recurso/2022/06/06/d33e578a141d44b4a4994ba7ba582fc3.pdf",
            "miniatura": "recurso/2022/06/06/a9a43378e4734a289eda4bc05a9bfa83.JPG"
        }
    },
    {
        "model": "recursos.recurso",
        "pk": 68,
        "fields": {
            "creation_date": "2023-04-24T01:43:38.723Z",
            "update_date": "2023-04-24T01:43:38.723Z",
            "estate": "A",
            "titulo": "¡Todos contra el dengue!",
            "descripcion": "Afiche elaborado por Taylor Napanga Fiestas.\r\nEstudiante del Primer Grado de Primaria-IE San Martín - Sechura.\r\nDocente: Karina",
            "contenido": "",
            "tipo": "U",
            "institucion": 1,
            "original_filename": "recurso/2022/06/06/605108e0265449fa911b71c10f636353.jpeg",
            "miniatura": "recurso/2022/06/06/fa5feb3e16b0463e9a7439d73c9467ac.JPG"
        }
    },
    {
        "model": "recursos.recurso",
        "pk": 69,
        "fields": {
            "creation_date": "2023-04-24T01:43:38.712Z",
            "update_date": "2023-04-24T01:43:38.712Z",
            "estate": "A",
            "titulo": "¡Cuidado con el dengue!",
            "descripcion": "Representación de títeres que nos enseña a cómo cuidarnos del dengue. \r\nEstudiante: Marvin Stewar Querevalú Amaya.  1er Grado de Primaria. Docente: Karina Chapilliquén",
            "contenido": "https://youtu.be/8R4RHdz4Vjo",
            "tipo": "R",
            "institucion": 1,
            "original_filename": "",
            "miniatura": "recurso/2022/06/06/71ac0e975c8747b79844b7e6dae4ea95.jpg"
        }
    },
    {
        "model": "recursos.recurso",
        "pk": 71,
        "fields": {
            "creation_date": "2023-04-24T01:43:38.701Z",
            "update_date": "2023-04-24T01:43:38.702Z",
            "estate": "A",
            "titulo": "KIPI EN SECHURA",
            "descripcion": "Entrevista a Walter Velásquez, creador de la Robot Kipi.",
            "contenido": "https://youtu.be/oY4d2omJlzM",
            "tipo": "R",
            "institucion": 1,
            "original_filename": "",
            "miniatura": "recurso/2022/08/25/51cc04156abb416998e9929eedd06354.JPG"
        }
    },
    {
        "model": "recursos.recurso",
        "pk": 72,
        "fields": {
            "creation_date": "2023-04-24T01:43:38.692Z",
            "update_date": "2023-04-24T01:43:38.692Z",
            "estate": "A",
            "titulo": "ILLESCAS",
            "descripcion": "Entrevista a Aldo Aguirre, Jefe de la Zona Reservada de Illescas.",
            "contenido": "https://youtu.be/UUlETNiu2L0",
            "tipo": "R",
            "institucion": 1,
            "original_filename": "",
            "miniatura": "recurso/2022/08/25/fadb988251eb4267b246db378f17a623.JPG"
        }
    },
    {
        "model": "recursos.recurso",
        "pk": 73,
        "fields": {
            "creation_date": "2023-04-24T01:43:38.684Z",
            "update_date": "2023-04-24T01:43:38.684Z",
            "estate": "A",
            "titulo": "CUIDAMOS EL MEDIO AMBIENTE",
            "descripcion": "Representación teatral que promueve el cuidado del medio ambiente.\r\nParticipan estudiantes y padre de familia de Tercer Grado \"Ica\".",
            "contenido": "https://youtu.be/2EztTbPE1Ng",
            "tipo": "R",
            "institucion": 1,
            "original_filename": "",
            "miniatura": "recurso/2022/08/25/c5d650f23ee94b4d99ca1603b228e2d2.JPG"
        }
    },
    {
        "model": "recursos.recurso",
        "pk": 74,
        "fields": {
            "creation_date": "2023-04-24T01:43:38.674Z",
            "update_date": "2023-04-24T01:43:38.674Z",
            "estate": "A",
            "titulo": "VAMOS A CUIDAR LA TIERRA",
            "descripcion": "Musical que promueve el cuidado de nuestro planeta Tierra. \r\nLugar: Playa Chulliyache.\r\nParticipan: Estudiantes de Tercer y cuarto grado de Primaria.\r\nAgradecimiento por su colaboración a COLOCHO STUDIO y  YOLVI PRODUCCIONES",
            "contenido": "https://youtu.be/aC-icJh9KKs",
            "tipo": "R",
            "institucion": 1,
            "original_filename": "",
            "miniatura": "recurso/2022/08/25/cd6118feac3f4bb88d6ca9293c4648af.JPG"
        }
    },
    {
        "model": "recursos.recurso",
        "pk": 75,
        "fields": {
            "creation_date": "2023-04-24T01:43:38.664Z",
            "update_date": "2023-04-24T01:43:38.664Z",
            "estate": "A",
            "titulo": "LAS GUARDIANAS DE LA CAPILLA",
            "descripcion": "Recopilado de: \r\nEL MÉDANO BLANCO \r\n(Antología de Leyendas Sechuranas) \r\nFONDO EDITORIAL SEC \r\nMunicipalidad Provincial de Sechura \r\nIlustrado por:  \r\nPaolo Chapilliquén Eche",
            "contenido": "",
            "tipo": "L",
            "institucion": 1,
            "original_filename": "recurso/2022/08/25/51943cb083034c7faecfb7f0c3485f32.pdf",
            "miniatura": "recurso/2022/08/25/926554e2c4c540c1a8a0d9b3f2e12f06.png"
        }
    },
    {
        "model": "recursos.recurso",
        "pk": 76,
        "fields": {
            "creation_date": "2023-04-24T01:43:38.654Z",
            "update_date": "2023-04-24T01:43:38.654Z",
            "estate": "A",
            "titulo": "LAS GUARDIANAS DE LA CAPILLA",
            "descripcion": "Recopilado de: EL MÉDANO BLANCO (Antología de Leyendas Sechuranas) \r\nFONDO EDITORIAL SEC Municipalidad Provincial de Sechura\r\nNarración: Jackelin Rumiche Ayala - Docente IE San Martín",
            "contenido": "",
            "tipo": "A",
            "institucion": 1,
            "original_filename": "recurso/2022/08/25/d2ef9b9b6e7f4605af3765564d32c8d5.mp3",
            "miniatura": "recurso/2022/08/25/537418104f1f46a5b8e88dea4c8e245a.png"
        }
    },
    {
        "model": "recursos.recurso",
        "pk": 77,
        "fields": {
            "creation_date": "2023-04-24T01:43:38.644Z",
            "update_date": "2023-04-24T01:43:38.644Z",
            "estate": "A",
            "titulo": "VOLVEMOS SEGURAS Y SEGUROS AL COLE",
            "descripcion": "TODOS VOLVEMOS SEGURAS Y SEGUROS AL COLE SAN MARTÍN.",
            "contenido": "https://youtu.be/rKsT9SfSWvg",
            "tipo": "Y",
            "institucion": 2,
            "original_filename": "",
            "miniatura": "recurso/2022/08/25/14d6941a514740d59c4c0352e2d2d430.JPG"
        }
    },
    {
        "model": "recursos.recurso",
        "pk": 80,
        "fields": {
            "creation_date": "2023-04-24T01:43:38.634Z",
            "update_date": "2023-04-24T01:43:38.634Z",
            "estate": "A",
            "titulo": "MULTIPLICAMOS",
            "descripcion": "Ficha para practicar cálculo de multiplicaciones.\r\nTercer Grado de Primaria.",
            "contenido": "https://www.topworksheets.com/embed/multiplicamos-636080bcdd55c?language=es",
            "tipo": "F",
            "institucion": 1,
            "original_filename": "",
            "miniatura": "recurso/2022/08/25/be68db4139e14acf84b691b5566aead5.png"
        }
    },
    {
        "model": "recursos.recurso",
        "pk": 81,
        "fields": {
            "creation_date": "2023-04-24T01:43:38.625Z",
            "update_date": "2023-04-24T01:43:38.625Z",
            "estate": "A",
            "titulo": "¿DIPTONGO O HIATO?",
            "descripcion": "Ficha para reconocer la formación de diptongo o hiato.\r\nTercer grado de primaria.",
            "contenido": "https://www.topworksheets.com/embed/diptongo-o-hiato-63608a1ccd432?language=es",
            "tipo": "F",
            "institucion": 1,
            "original_filename": "",
            "miniatura": "recurso/2022/08/25/2e27087ab1824ad8bbba30f2959097bc.png"
        }
    },
    {
        "model": "recursos.recurso",
        "pk": 82,
        "fields": {
            "creation_date": "2023-04-24T01:43:38.615Z",
            "update_date": "2023-04-24T01:43:38.615Z",
            "estate": "A",
            "titulo": "CULTIVANDO VALORES-PROGRAMA RADIAL",
            "descripcion": "PROGRAMA RADIAL con participación de los estudiantes de Tercer grado de primaria - Sección \"Ica\", que promueve la práctica del valor de la veracidad y honestidad.\r\nDocente: Jackelin Rumiche Ayala.",
            "contenido": "",
            "tipo": "P",
            "institucion": 1,
            "original_filename": "recurso/2022/08/25/2e84789e998f48178f22a92b61e0ef0e.mp3",
            "miniatura": "recurso/2022/08/25/677fa0c844924629b9321ee608f8b253.png"
        }
    },
    {
        "model": "recursos.recurso",
        "pk": 83,
        "fields": {
            "creation_date": "2023-04-24T01:43:38.605Z",
            "update_date": "2023-04-24T01:43:38.605Z",
            "estate": "A",
            "titulo": "RIMAS - NOS CUIDAMOS DEL DENGUE",
            "descripcion": "Rimas creadas por estudiantes de segundo Grado de Primaria.\r\nDocentes: Jessica Eche Inga y María Tume Pacheco\r\nIEE San Martín. Año 2022",
            "contenido": "",
            "tipo": "U",
            "institucion": 1,
            "original_filename": "recurso/2023/04/18/b52ab57aaa894629a9d81179ff22540b.pdf",
            "miniatura": "recurso/2023/04/18/83ddf9626b4d4693ac1692700362c69e.jpeg"
        }
    },
    {
        "model": "recursos.recurso",
        "pk": 84,
        "fields": {
            "creation_date": "2023-04-24T01:43:38.594Z",
            "update_date": "2023-04-24T01:43:38.595Z",
            "estate": "A",
            "titulo": "LA LEYENDA DEL RÍO HABLADOR",
            "descripcion": "\"El río hablador\" - Leyenda narrada por la estudiante Camila Jackelin Infante Saavedra. Primer Grado de Primaria. IE 6084 (Lima).\r\nDocente: Magdiana Miranda",
            "contenido": "",
            "tipo": "A",
            "institucion": 1,
            "original_filename": "recurso/2023/04/18/ba2f6cb57c56401289585187985b3fb9.mp3",
            "miniatura": "recurso/2023/04/18/34cebe64d0ea49f9ba23487c5fd6ee15.jpeg"
        }
    },
    {
        "model": "recursos.recurso",
        "pk": 85,
        "fields": {
            "creation_date": "2023-04-24T01:43:38.582Z",
            "update_date": "2023-04-24T01:43:38.582Z",
            "estate": "A",
            "titulo": "El silbido del muerto\"",
            "descripcion": "Cuento del distrito de La Arena - Piura. Recopilado por Diego Armando Ancajima Santos. IE 14123 - La Arena.\r\nProfesor: Víctor Hugo Chiroque Panta.",
            "contenido": "",
            "tipo": "A",
            "institucion": 1,
            "original_filename": "recurso/2023/04/18/4a051de98ca54016a89b1c8253401d4b.mp3",
            "miniatura": "recurso/2023/04/18/4d2afcdfbe214d118753432643cf6d1f.jpeg"
        }
    },
    {
        "model": "recursos.recurso",
        "pk": 86,
        "fields": {
            "creation_date": "2023-04-24T01:43:38.574Z",
            "update_date": "2023-04-24T01:43:38.574Z",
            "estate": "A",
            "titulo": "COMIDAS SECHURANAS",
            "descripcion": "Textos instructivos elaborados por los estudiantes de Tercer Grado \"Ica\" de la IEE Emblemática San Martín (Sechura).\r\nDocente: Jackelin Rumiche Ayala.",
            "contenido": "",
            "tipo": "U",
            "institucion": 1,
            "original_filename": "recurso/2023/04/18/895bd11007bd488a999ebf46958ba740.pdf",
            "miniatura": "recurso/2023/04/18/ffeb196441bf4e5b975a6e54d97954df.JPG"
        }
    },
    {
        "model": "recursos.recurso",
        "pk": 87,
        "fields": {
            "creation_date": "2023-04-24T01:43:38.563Z",
            "update_date": "2023-04-24T01:43:38.563Z",
            "estate": "A",
            "titulo": "Anécdotas sechuranas",
            "descripcion": "Textos narrativos (anécdotas) rescatando las costumbres, tradiciones y lugares turísticos de Sechura. \r\nProducidos por los estudiantes de Tercer grado \"Huánuco\" 2022\r\nDocente: Giovanna Rumiche Ayala.",
            "contenido": "",
            "tipo": "U",
            "institucion": 1,
            "original_filename": "recurso/2023/04/18/3e0108a16fb0493580e598dbcc59a64b.pdf",
            "miniatura": "recurso/2023/04/18/ca7a2a5d27b74a27a2df690d277e5848.JPG"
        }
    },
    {
        "model": "recursos.recurso",
        "pk": 88,
        "fields": {
            "creation_date": "2023-04-24T01:43:38.554Z",
            "update_date": "2023-04-24T01:43:38.554Z",
            "estate": "A",
            "titulo": "Textos descriptivos",
            "descripcion": "Textos descriptivos elaborados por los estudiantes de Tercer grado de Primaria-Sección Huánuco. \r\nDocente: Giovanna Rumiche Ayala.",
            "contenido": "",
            "tipo": "U",
            "institucion": 1,
            "original_filename": "recurso/2023/04/18/6848b8df21dc485c94f694a8dbbcb4ea.pdf",
            "miniatura": "recurso/2023/04/18/ea4375d17db64bde8e0e47df242dd1fd.JPG"
        }
    },
    {
        "model": "recursos.recurso",
        "pk": 89,
        "fields": {
            "creation_date": "2023-04-24T01:43:38.544Z",
            "update_date": "2023-04-24T01:43:38.544Z",
            "estate": "A",
            "titulo": "Entrevista: Danza las Cusqueñitas",
            "descripcion": "Entrevista a un reconocido músico de Sechura José Máximo Dedios Amaya sobre la historia de la Danza de Las Cusqueñitas.\r\nProducido por las estudiantes Elena y Milagros Dedios Sernaqué de Segundo Grado de Primaria de la IEE San Martín (Sechura). 2020\r\nDocente. Giovanna Rumiche Ayala",
            "contenido": "",
            "tipo": "P",
            "institucion": 1,
            "original_filename": "recurso/2023/04/18/d4743183b7c5435ebc042d71a7f1fca2.mp3",
            "miniatura": "recurso/2023/04/18/b002fdf2824a48fcadb7922b544d5cec.jpeg"
        }
    },
    {
        "model": "recursos.recurso",
        "pk": 90,
        "fields": {
            "creation_date": "2023-04-24T01:43:38.534Z",
            "update_date": "2023-04-24T01:43:38.534Z",
            "estate": "A",
            "titulo": "Costumbres y tradiciones de Sechura",
            "descripcion": "Costumbres y tradiciones de Sechura. Producido por estudiantes de Primer y Segundo Grado de Primaria.",
            "contenido": "https://youtu.be/mDcDYn-KByk",
            "tipo": "R",
            "institucion": 1,
            "original_filename": "",
            "miniatura": "recurso/2023/04/18/66f63d6472bf4534960f780c4b0d94d4.jpg"
        }
    },
    {
        "model": "recursos.recurso",
        "pk": 91,
        "fields": {
            "creation_date": "2023-04-24T01:43:38.524Z",
            "update_date": "2023-04-24T01:43:38.524Z",
            "estate": "A",
            "titulo": "Danza del Barquito",
            "descripcion": "Danza del Barquito. Danza tradicional de Sechura. \r\nProducido por estudiantes de Segundo Grado de Primaria. IEE San Martín - Sechura.",
            "contenido": "https://youtu.be/-ozzT35ZA9w",
            "tipo": "R",
            "institucion": 1,
            "original_filename": "",
            "miniatura": "recurso/2023/04/18/4bd4fc797cb54475af103c7e8df6e385.jpg"
        }
    },
    {
        "model": "recursos.recurso",
        "pk": 92,
        "fields": {
            "creation_date": "2023-04-24T01:43:38.514Z",
            "update_date": "2023-04-24T01:43:38.514Z",
            "estate": "A",
            "titulo": "¿Cómo era la vida antes en Sechura?",
            "descripcion": "Entrevista realizada por Lucero de Guadalupe Antón Cumpa. Estudiantes de Segundo Grado de Primaria. \r\nIEE San Martín (Sechura)",
            "contenido": "https://youtu.be/yr2JmHQjrMQ",
            "tipo": "R",
            "institucion": 1,
            "original_filename": "",
            "miniatura": "recurso/2023/04/18/498d7cde915f4690b6baf6fb60a41386.jpg"
        }
    },
    {
        "model": "recursos.recurso",
        "pk": 93,
        "fields": {
            "creation_date": "2023-04-24T01:43:38.505Z",
            "update_date": "2023-04-24T01:43:38.505Z",
            "estate": "A",
            "titulo": "Ya no le temo a la oscuridad",
            "descripcion": "Ya no le temo a la oscuridad, es una historia narrada por una madre de familia de Segundo grado de Primaria.\r\nIE San Martín.",
            "contenido": "",
            "tipo": "A",
            "institucion": 1,
            "original_filename": "recurso/2023/04/18/9c9f324c1f334a1592eb5d0413e4dcfd.mp3",
            "miniatura": "recurso/2023/04/18/3a657e909fa142eda5d5c3f7f35b13ca.jpeg"
        }
    },
    {
        "model": "recursos.recurso",
        "pk": 95,
        "fields": {
            "creation_date": "2023-04-24T01:43:38.494Z",
            "update_date": "2023-04-24T01:43:38.494Z",
            "estate": "A",
            "titulo": "La fiesta religiosa de San Pedro - Sechura",
            "descripcion": "Gabriel Panta Ruiz, estudiante de Segundo grado de Primaria nos explica sobre la Fiesta Patronal de nuestra Provincia.",
            "contenido": "",
            "tipo": "P",
            "institucion": 1,
            "original_filename": "recurso/2023/04/18/e299dcc372d24eaca37e30c02947be44.mp3",
            "miniatura": "recurso/2023/04/18/85c77b40db464389882f33934d8fb4a8.jpeg"
        }
    },
    {
        "model": "recursos.recurso",
        "pk": 96,
        "fields": {
            "creation_date": "2023-04-24T01:43:38.484Z",
            "update_date": "2023-04-24T01:43:38.484Z",
            "estate": "A",
            "titulo": "Describo a mi persona favorita",
            "descripcion": "Textos descriptivos creados por estudiantes de Tercer Grado de Primaria.\r\n- Mi madrina querida\r\n- Mi padrino",
            "contenido": "",
            "tipo": "L",
            "institucion": 1,
            "original_filename": "recurso/2023/04/18/c8cd1a8f009a4a4baed5407d85f81a94.pdf",
            "miniatura": "recurso/2023/04/18/9567344280ec4af8ab753ef8928bad55.JPG"
        }
    },
    {
        "model": "recursos.recurso",
        "pk": 97,
        "fields": {
            "creation_date": "2023-04-24T01:43:38.477Z",
            "update_date": "2023-04-24T01:43:38.477Z",
            "estate": "A",
            "titulo": "COMIDAS SECHURANAS",
            "descripcion": "Textos descriptivos creados por estudiantes de Tercer Grado de Primaria, acerca de las comidas típicas de Sechura.",
            "contenido": "",
            "tipo": "L",
            "institucion": 1,
            "original_filename": "recurso/2023/04/18/67754748576d440e8c1db3429e14e5ce.pdf",
            "miniatura": "recurso/2023/04/18/80b8158010a644eeaf55fa39e54b013b.JPG"
        }
    },
    {
        "model": "recursos.recurso",
        "pk": 98,
        "fields": {
            "creation_date": "2023-04-24T01:43:38.471Z",
            "update_date": "2023-04-24T01:43:38.471Z",
            "estate": "A",
            "titulo": "Anécdotas sechuranas",
            "descripcion": "Textos narrativos creados por estudiantes de Tercer Grado de Primaria.",
            "contenido": "",
            "tipo": "L",
            "institucion": 1,
            "original_filename": "recurso/2023/04/18/211f8bd37efe4499a51a7111c91d22b2.pdf",
            "miniatura": "recurso/2023/04/18/18025a6ea47f453ab094940acdabcbde.JPG"
        }
    },
    {
        "model": "recursos.recurso",
        "pk": 99,
        "fields": {
            "creation_date": "2023-04-24T01:43:38.463Z",
            "update_date": "2023-04-24T01:43:38.463Z",
            "estate": "A",
            "titulo": "EL ELEFANTE BERNARDO",
            "descripcion": "Cuento infantil. \r\nRecuperado de:\r\nhttps://www.guiainfantil.com/1079/cuento-infantil-el-elefante-bernardo.html",
            "contenido": "",
            "tipo": "L",
            "institucion": 1,
            "original_filename": "recurso/2023/04/18/802b6a8fe5c44996b769b6ef2abb8b43.pdf",
            "miniatura": "recurso/2023/04/18/677f7be85e3e4af9b5f204d419dd3233.JPG"
        }
    },
    {
        "model": "recursos.recurso",
        "pk": 100,
        "fields": {
            "creation_date": "2023-04-24T01:43:38.456Z",
            "update_date": "2023-04-24T01:43:38.456Z",
            "estate": "A",
            "titulo": "El león y el ratón",
            "descripcion": "El león y el ratón. Fábula narrada por Alicia Litano Sandoval, dedicada a todos los niños y niñas del país, en especial a su pequeña Sofía.",
            "contenido": "",
            "tipo": "A",
            "institucion": 1,
            "original_filename": "recurso/2023/04/18/75cfad23d50d441d910128aac066ec76.mp3",
            "miniatura": "recurso/2023/04/18/7d8077b6b2db4fb1849d75017568a835.jpg"
        }
    },
    {
        "model": "recursos.recurso",
        "pk": 101,
        "fields": {
            "creation_date": "2023-04-24T01:43:38.447Z",
            "update_date": "2023-04-24T01:43:38.447Z",
            "estate": "A",
            "titulo": "¿Cómo protegerse ante una tormenta eléctrica?",
            "descripcion": "Ante los últimos acontecimientos que viene afectando la zona norte de nuestro país, los estudiantes de Cuarto Grado-Sección \"Huánuco\" de la IEE San Martín, les brindan algunas recomendaciones de cómo protegerse ante una tormenta eléctrica.",
            "contenido": "https://youtu.be/X1UwRvtaQmY",
            "tipo": "Y",
            "institucion": 1,
            "original_filename": "",
            "miniatura": "recurso/2023/04/18/a32ad1e4749a46a59c89eb6a3760679a.JPG"
        }
    },
    {
        "model": "recursos.recurso",
        "pk": 104,
        "fields": {
            "creation_date": "2023-04-24T01:43:38.436Z",
            "update_date": "2023-04-24T01:43:38.436Z",
            "estate": "A",
            "titulo": "Recomendaciones para prevenir daños en época de lluvias.",
            "descripcion": "El estudiante Ángelo Rumiche Zeña, estudiante de Cuarto Grado, sección \"Huánuco\" nos brinda recomendaciones para prevenir daños en época de lluvias. #EducaSm",
            "contenido": "https://youtu.be/2Nu7FoQBBHI",
            "tipo": "Y",
            "institucion": 1,
            "original_filename": "",
            "miniatura": "recurso/2023/04/18/46210d217b474ba5a7aa6c6181136383.JPG"
        }
    },
    {
        "model": "recursos.recurso",
        "pk": 105,
        "fields": {
            "creation_date": "2023-04-24T01:43:38.426Z",
            "update_date": "2023-04-24T01:43:38.426Z",
            "estate": "A",
            "titulo": "EL TORNADO DENTRO DE UNA BOTELLA",
            "descripcion": "CIENCIA DIVERTIDA. Experimento realizado por José Ramón Chunga Saavedra, estudiante de Sexto Grado de Primaria, para demostrar la formación de los tornados y ciclones.\r\nDocente: María Felipa Santos Chero.",
            "contenido": "https://youtu.be/eLw7MqXzFUw",
            "tipo": "Y",
            "institucion": 1,
            "original_filename": "",
            "miniatura": "recurso/2023/04/18/b51c522645a143cb98f020de26f4c52b.png"
        }
    },
    {
        "model": "recursos.recurso",
        "pk": 106,
        "fields": {
            "creation_date": "2023-04-24T01:43:38.416Z",
            "update_date": "2023-04-24T01:43:38.416Z",
            "estate": "A",
            "titulo": "EL SUEÑO DE UNA NOCHE DE VERANO",
            "descripcion": "William Shakespeare​ fue un dramaturgo, poeta y actor inglés, considerado el escritor más importante en lengua inglesa y uno de los más célebres de toda la literatura universal.\r\nRecuperado de:\r\nhttps://www.elejandria.com/libro/el-sueno-de-una-noche-de-verano/shakespeare-william/860",
            "contenido": "",
            "tipo": "L",
            "institucion": 1,
            "original_filename": "recurso/2023/04/18/beef624a6a1a486f95540f7c9324a0a3.pdf",
            "miniatura": "recurso/2023/04/18/b50ae5402d0b4cdd8083e7b9c51a0eae.jpg"
        }
    },
    {
        "model": "recursos.recurso",
        "pk": 107,
        "fields": {
            "creation_date": "2023-04-24T01:43:38.406Z",
            "update_date": "2023-04-24T01:43:38.406Z",
            "estate": "A",
            "titulo": "DON QUIJOTE DE LA MANCHA",
            "descripcion": "Don Quijote de la Mancha es una novela de aventuras escrita por Miguel de Cervantes y publicada originalmente en 1605 con el título El ingenioso hidalgo Don Quijote de la Mancha. Es la obra cumbre de la literatura española y una de las más conocidas en el mundo entero.\r\nRecuperado de:\r\nhttps://www.elejandria.com/libro/don-quijote-de-la-mancha/cervantes-miguel/77",
            "contenido": "",
            "tipo": "L",
            "institucion": 1,
            "original_filename": "recurso/2023/04/18/f7c8129c4c1b469ba83a48d4f59b72b2.pdf",
            "miniatura": "recurso/2023/04/18/c87dd82367d5459ab6beaf2c3762d97e.png"
        }
    },
    {
        "model": "recursos.recurso",
        "pk": 108,
        "fields": {
            "creation_date": "2023-04-24T01:43:38.396Z",
            "update_date": "2023-04-24T01:43:38.396Z",
            "estate": "A",
            "titulo": "Comentarios Reales de los Incas",
            "descripcion": "El Inca Garcilaso aborda la escritura de los Comentarios al sentirse legitimado por su nacimiento cuzqueño frente a otros cronistas españoles. A las fuentes orales que le transmitió su madre sobre la cultura quechua y el conocimiento de la lengua indígena, se añade el testimonio de otros contemporáneos como López de Gómara, Cieza de León o el padre José de Acosta.\r\nRecuperado de: https://planetalibro.net/libro/el-inca-garcilaso-de-la-vega-comentarios-reales-de-los-incas",
            "contenido": "",
            "tipo": "L",
            "institucion": 1,
            "original_filename": "recurso/2023/04/18/40470485b5284511b456aa1b89913528.pdf",
            "miniatura": "recurso/2023/04/18/24a50652fcc2412591758778312c24fa.jpg"
        }
    },
    {
        "model": "recursos.recurso",
        "pk": 109,
        "fields": {
            "creation_date": "2023-04-24T01:43:38.384Z",
            "update_date": "2023-04-26T14:13:03.134Z",
            "estate": "A",
            "titulo": "LA PALOMA MISTERIOSA",
            "descripcion": "<p>Cuento creado por: </p><p><strong>Génesis M. Panta Aguirre</strong> de <strong>Segundo Grado</strong> de <strong>Primaria</strong> (2020).</p>",
            "contenido": "",
            "tipo": "L",
            "institucion": 1,
            "original_filename": "recurso/2023/04/18/d7c80c47468246c4a6a9147056871c60.pdf",
            "miniatura": "recurso/2023/04/18/7e36cb021229409bb1c855b34a7aabba.JPG"
        }
    },
    {
        "model": "recursos.recurso",
        "pk": 110,
        "fields": {
            "creation_date": "2023-05-04T22:48:59.202Z",
            "update_date": "2023-05-04T22:48:59.203Z",
            "estate": "A",
            "titulo": "Fiesta \"Las Crucecitas\"",
            "descripcion": "<p>Fiesta descrita por el estudiante de <span style=\"color:rgba(17,17,17,var(--tw-text-opacity));\">Primer Grado de primaria Franco Vargas Flores.</span></p><p><span style=\"color:rgba(17,17,17,var(--tw-text-opacity));\">Esta fiesta es celebrada en Sechura los días 3, 4 y 5 de mayo.<br></span><br></p>",
            "contenido": "https://youtu.be/Lwva24AEdD4",
            "tipo": "Y",
            "institucion": 1,
            "original_filename": "",
            "miniatura": "recurso/2023/04/23/237fb85471e646c4a351204b1427a593.jpg"
        }
    },
    {
        "model": "recursos.recurso",
        "pk": 111,
        "fields": {
            "creation_date": "2023-05-04T22:56:08.577Z",
            "update_date": "2023-05-04T23:00:47.469Z",
            "estate": "A",
            "titulo": "La Fiesta de Las Crucecitas",
            "descripcion": "<p><span style=\"color:rgb(17, 17, 17);\"><span style=\"background-color:rgb(255, 255, 255);\">Franco Vargas Flores del Primer Grado de primaria nos describe a través de un video la fiesta tradicional celebrada en Sechura los días 3, 4 y 5 de mayo.</span></span></p>",
            "contenido": "https://youtu.be/Lwva24AEdD4",
            "tipo": "R",
            "institucion": 1,
            "original_filename": "",
            "miniatura": "recurso/2023/04/23/9d70be478af04ebb98d0e4d823a175fd.jpg"
        }
    },
    {
        "model": "recursos.patrocinador",
        "pk": 1,
        "fields": {
            "creation_date": "2023-04-24T02:46:29.925Z",
            "update_date": "2023-04-24T02:46:29.925Z",
            "estate": "A",
            "nombre": "Insitución Educativa Emblemática San Martín - Sechura",
            "descripcion": "",
            "telefono": "",
            "facebook": "",
            "email": "",
            "web": "",
            "logo": "patrocinador/2023/04/23/7fe329a9259e4ec1a4f0d4fc46e1bb68.png"
        }
    },
    {
        "model": "recursos.patrocinador",
        "pk": 2,
        "fields": {
            "creation_date": "2023-04-24T02:47:13.627Z",
            "update_date": "2023-04-24T02:47:13.627Z",
            "estate": "A",
            "nombre": "Agua Marina",
            "descripcion": "",
            "telefono": "947424969",
            "facebook": "https://web.facebook.com/AguaMarinadeSechura/",
            "email": "",
            "web": "",
            "logo": "patrocinador/2023/04/23/5acf84e22935499e91ca98bb38811ef9.png"
        }
    },
    {
        "model": "recursos.patrocinador",
        "pk": 3,
        "fields": {
            "creation_date": "2023-04-24T02:47:28.294Z",
            "update_date": "2023-04-24T02:47:28.294Z",
            "estate": "A",
            "nombre": "Minicipalidad Distrital de Bernal",
            "descripcion": "",
            "telefono": "",
            "facebook": "",
            "email": "",
            "web": "",
            "logo": "patrocinador/2023/04/23/c15aebe29b5941f9954e5282ffe5495a.png"
        }
    },
    {
        "model": "recursos.patrocinador",
        "pk": 4,
        "fields": {
            "creation_date": "2023-04-24T02:48:22.301Z",
            "update_date": "2023-04-24T02:48:22.301Z",
            "estate": "A",
            "nombre": "Hexagroup",
            "descripcion": "Arquitectos e Ingenieros",
            "telefono": "949445175",
            "facebook": "https://web.facebook.com/hexagroup.peru/",
            "email": "https://mail.google.com/mail/?view=cm&to=hexagroup.peru@gmail.com",
            "web": "",
            "logo": "patrocinador/2023/04/23/f77301f62127427d805ed3ad893beacb.jpeg"
        }
    },
    {
        "model": "recursos.patrocinador",
        "pk": 5,
        "fields": {
            "creation_date": "2023-04-24T02:49:11.226Z",
            "update_date": "2023-04-24T02:49:11.226Z",
            "estate": "A",
            "nombre": "CONECTEL EIRL",
            "descripcion": "",
            "telefono": "968447790",
            "facebook": "",
            "email": "https://mail.google.com/mail/?view=cm&to=conectel.telecomunicaciones@gmail.com",
            "web": "https://www.conectel-isp.com/",
            "logo": "patrocinador/2023/04/23/b820072da8d44311b544d98f630665a8.png"
        }
    },
    {
        "model": "recursos.patrocinador",
        "pk": 6,
        "fields": {
            "creation_date": "2023-04-24T02:49:38.790Z",
            "update_date": "2023-04-24T02:49:38.790Z",
            "estate": "A",
            "nombre": "GRUPO VIE EIRL",
            "descripcion": "Construcciones metálicas.",
            "telefono": "969273369",
            "facebook": "",
            "email": "",
            "web": "",
            "logo": "patrocinador/2023/04/23/46d5a9c68a8d449ab2be7c160fef7b41.jpeg"
        }
    },
    {
        "model": "recursos.patrocinador",
        "pk": 7,
        "fields": {
            "creation_date": "2023-04-24T02:52:26.484Z",
            "update_date": "2023-04-24T02:52:26.484Z",
            "estate": "A",
            "nombre": "Lampazos",
            "descripcion": "Vocero Del Bajo Piura",
            "telefono": "",
            "facebook": "https://web.facebook.com/Lampazos-Bajo-Piura-Sechura-1601757876813959/",
            "email": "",
            "web": "",
            "logo": "patrocinador/2023/04/23/15f6fedfe1e047f68368de3b16e3a7ce.jpeg"
        }
    },
    {
        "model": "recursos.patrocinador",
        "pk": 8,
        "fields": {
            "creation_date": "2023-04-24T02:52:49.011Z",
            "update_date": "2023-04-24T02:52:49.011Z",
            "estate": "A",
            "nombre": "Comunidad Campesina San Martín",
            "descripcion": "Sechura",
            "telefono": "",
            "facebook": "",
            "email": "",
            "web": "",
            "logo": "patrocinador/2023/04/23/4df07c0d649b459395a9891bae3953bb.jpeg"
        }
    },
    {
        "model": "recursos.patrocinador",
        "pk": 9,
        "fields": {
            "creation_date": "2023-04-24T02:53:13.814Z",
            "update_date": "2023-04-24T02:53:13.814Z",
            "estate": "A",
            "nombre": "L MARTINEZ",
            "descripcion": "Informática",
            "telefono": "",
            "facebook": "",
            "email": "",
            "web": "",
            "logo": "patrocinador/2023/04/23/9892527fda9549bb828dc922a9c2f646.jpeg"
        }
    },
    {
        "model": "recursos.patrocinador",
        "pk": 10,
        "fields": {
            "creation_date": "2023-04-24T02:54:54.842Z",
            "update_date": "2023-04-24T02:54:54.842Z",
            "estate": "A",
            "nombre": "FONDEP",
            "descripcion": "Fondo Nacional de Desarrollo de la Educación Peruana",
            "telefono": "",
            "facebook": "",
            "email": "",
            "web": "https://www.fondep.gob.pe/",
            "logo": "patrocinador/2023/04/23/242f48be3b624250bc0be89611934873.png"
        }
    },
    {
        "model": "recursos.patrocinador",
        "pk": 11,
        "fields": {
            "creation_date": "2023-04-24T02:55:53.958Z",
            "update_date": "2023-04-24T02:55:53.958Z",
            "estate": "A",
            "nombre": "ALEX MORALES PEÑA",
            "descripcion": "Conductor de Radio y TV en Radio Sechura y Smart Deportes",
            "telefono": "",
            "facebook": "https://www.facebook.com/profile.php?id=100024073460590",
            "email": "",
            "web": "",
            "logo": "patrocinador/2023/04/23/902e11541f8d43bf89c4d4c8d6b9d555.jpg"
        }
    },
    {
        "model": "recursos.miembroproyecto",
        "pk": 1,
        "fields": {
            "creation_date": "2023-04-24T02:57:07.347Z",
            "update_date": "2023-05-08T03:24:09.154Z",
            "estate": "A",
            "nombre": "Giovanna Rumiche Ayala",
            "descripcion": "",
            "cargo": "Docente",
            "logo": "miembro_proyecto/2023/04/23/85399f39469249c6a8fe8ac9bab06398.jpg"
        }
    },
    {
        "model": "recursos.miembroproyecto",
        "pk": 2,
        "fields": {
            "creation_date": "2023-04-24T02:57:25.063Z",
            "update_date": "2023-05-08T03:51:12.794Z",
            "estate": "A",
            "nombre": "Jackelin Rumiche Ayala",
            "descripcion": "",
            "cargo": "Docente",
            "logo": "miembro_proyecto/2023/04/23/3fecc8c9858742ee9501ca189ee8d191.jpg"
        }
    },
    {
        "model": "recursos.miembroproyecto",
        "pk": 3,
        "fields": {
            "creation_date": "2023-04-24T02:57:36.209Z",
            "update_date": "2023-04-24T02:57:36.209Z",
            "estate": "A",
            "nombre": "Luis Eduardo Fernández Pingo",
            "descripcion": "",
            "cargo": "Docente",
            "logo": ""
        }
    },
    {
        "model": "seguridad.user",
        "pk": 1,
        "fields": {
            "password": "pbkdf2_sha256$600000$0uszW9apDgw2jWQ7l7OvRt$Y/b1DbbzKIbJ9vQ3EmhuAijCDPos2LrWOwP3BOhvPkA=",
            "last_login": "2023-05-08T03:59:46.439Z",
            "is_superuser": true,
            "username": "superuser",
            "email": "",
            "first_name": "",
            "last_name": "",
            "birth_date": "2023-04-23",
            "is_active": true,
            "is_staff": true,
            "groups": [],
            "user_permissions": []
        }
    },
    {
        "model": "seguridad.user",
        "pk": 2,
        "fields": {
            "password": "pbkdf2_sha256$600000$jClrpyezZ20RIqlCWxrKyD$wqP5FPBkFDEqzsMX59KxgtayKcbTxlPcEpzne9rrcRM=",
            "last_login": null,
            "is_superuser": false,
            "username": "73538401",
            "email": "",
            "first_name": "",
            "last_name": "",
            "birth_date": "2023-04-23",
            "is_active": true,
            "is_staff": false,
            "groups": [
                2
            ],
            "user_permissions": []
        }
    },
    {
        "model": "seguridad.user",
        "pk": 3,
        "fields": {
            "password": "pbkdf2_sha256$600000$6XfcWTxetqQ3vSxm1fGA1l$MY09hKRSu8CaaiTCS7PyVHPzmy1rc3pmk+UTwNh579o=",
            "last_login": null,
            "is_superuser": false,
            "username": "02851625",
            "email": "",
            "first_name": "",
            "last_name": "",
            "birth_date": "2023-04-23",
            "is_active": true,
            "is_staff": false,
            "groups": [
                2
            ],
            "user_permissions": []
        }
    },
    {
        "model": "seguridad.user",
        "pk": 4,
        "fields": {
            "password": "pbkdf2_sha256$600000$j60dfVvCXRWBWBSR34XfiT$QgBpOq4nrd4fXrVQahFgBiw1CQ7nic18yd34GQMCU8A=",
            "last_login": null,
            "is_superuser": false,
            "username": "74504436",
            "email": "",
            "first_name": "",
            "last_name": "",
            "birth_date": "2023-04-23",
            "is_active": true,
            "is_staff": false,
            "groups": [
                2
            ],
            "user_permissions": []
        }
    },
    {
        "model": "seguridad.user",
        "pk": 5,
        "fields": {
            "password": "pbkdf2_sha256$600000$1JLf3xN5Ee8aj6sfjGAquQ$X3cnRSUxjTpH8DYQuR0OmYFTjIEvBhoTYZA5McNm2tY=",
            "last_login": null,
            "is_superuser": false,
            "username": "09374874",
            "email": "",
            "first_name": "",
            "last_name": "",
            "birth_date": "2023-04-23",
            "is_active": true,
            "is_staff": false,
            "groups": [
                2
            ],
            "user_permissions": []
        }
    },
    {
        "model": "seguridad.user",
        "pk": 6,
        "fields": {
            "password": "pbkdf2_sha256$600000$IwLhz65aEUzQJp290LKpnp$DhPx7cYulXZ4I9p9ga2XBo9tf+9syHD0LGj4KHBuoeY=",
            "last_login": null,
            "is_superuser": false,
            "username": "02868923",
            "email": "",
            "first_name": "",
            "last_name": "",
            "birth_date": "2023-04-23",
            "is_active": true,
            "is_staff": false,
            "groups": [
                2
            ],
            "user_permissions": []
        }
    },
    {
        "model": "seguridad.user",
        "pk": 7,
        "fields": {
            "password": "pbkdf2_sha256$600000$nxkR8EJYYm4uA5cawk5qEa$oQJaQQnfmpQmZdhidXmB7PNDqI+22HEW9CreJCKew/g=",
            "last_login": null,
            "is_superuser": false,
            "username": "45007535",
            "email": "",
            "first_name": "",
            "last_name": "",
            "birth_date": "2023-04-23",
            "is_active": true,
            "is_staff": false,
            "groups": [
                2,
                3
            ],
            "user_permissions": []
        }
    },
    {
        "model": "seguridad.user",
        "pk": 8,
        "fields": {
            "password": "pbkdf2_sha256$600000$tJa9QkApq7cBjmd8BC92dX$D4gqy1OtX0wjjF7Mhqc2q0gjyClFycBB4JJrm1anh6s=",
            "last_login": null,
            "is_superuser": false,
            "username": "15161718",
            "email": "",
            "first_name": "",
            "last_name": "",
            "birth_date": "2023-04-24",
            "is_active": true,
            "is_staff": false,
            "groups": [
                4
            ],
            "user_permissions": []
        }
    },
    {
        "model": "seguridad.user",
        "pk": 9,
        "fields": {
            "password": "pbkdf2_sha256$600000$IJ6Vdam886FilLf61UJHTu$XXYi+a/9rWBa2OOmKAKfwZvKJRK60cUe8A4v427Es1I=",
            "last_login": null,
            "is_superuser": false,
            "username": "10203040",
            "email": "",
            "first_name": "",
            "last_name": "",
            "birth_date": "2023-04-30",
            "is_active": true,
            "is_staff": false,
            "groups": [
                2
            ],
            "user_permissions": []
        }
    },
    {
        "model": "seguridad.user",
        "pk": 10,
        "fields": {
            "password": "pbkdf2_sha256$600000$Gk805NX5ZJhUMpHDvRCEsE$qXXAYhzrU20+S5xT+VfAnr4J1Rc/l0ddUnq1ZDfgIgI=",
            "last_login": null,
            "is_superuser": false,
            "username": "72973356",
            "email": "",
            "first_name": "",
            "last_name": "",
            "birth_date": "2023-05-07",
            "is_active": true,
            "is_staff": false,
            "groups": [
                2
            ],
            "user_permissions": []
        }
    },
    {
        "model": "seguridad.user",
        "pk": 11,
        "fields": {
            "password": "pbkdf2_sha256$600000$cXqINUwbOps7GNDvmvP9Lz$+vN85ud2k5ILifjdtRMQEfuipAfoBNj8M7MSgiiZRKo=",
            "last_login": null,
            "is_superuser": false,
            "username": "45251254",
            "email": "",
            "first_name": "",
            "last_name": "",
            "birth_date": "2023-05-07",
            "is_active": true,
            "is_staff": false,
            "groups": [
                4
            ],
            "user_permissions": []
        }
    },
    {
        "model": "seguridad.user",
        "pk": 12,
        "fields": {
            "password": "pbkdf2_sha256$600000$6HZlZ09h81B1wJb3p31N9z$yVtQFh1W3BOsheOVvyzaF17sWMWY459pE9Pj73kP0PQ=",
            "last_login": null,
            "is_superuser": false,
            "username": "78320587",
            "email": "",
            "first_name": "",
            "last_name": "",
            "birth_date": "2023-05-09",
            "is_active": true,
            "is_staff": false,
            "groups": [
                4
            ],
            "user_permissions": []
        }
    },
    {
        "model": "seguridad.user",
        "pk": 13,
        "fields": {
            "password": "pbkdf2_sha256$600000$gMg37ZDWhGi4fzZFuWBjDn$TrIcgdmMoaJ/+s8pOY87AXOIULhLB0oHW5EOKRErB2Q=",
            "last_login": null,
            "is_superuser": false,
            "username": "78251383",
            "email": "",
            "first_name": "",
            "last_name": "",
            "birth_date": "2023-05-09",
            "is_active": true,
            "is_staff": false,
            "groups": [
                4
            ],
            "user_permissions": []
        }
    },
    {
        "model": "seguridad.user",
        "pk": 14,
        "fields": {
            "password": "pbkdf2_sha256$600000$FboAxQisBmxVnc0cOshbkq$tSMhoifBMUsQk0c3SYRqNCG9uAGNAMD6XBheYvH9U+Y=",
            "last_login": null,
            "is_superuser": false,
            "username": "81105406",
            "email": "",
            "first_name": "",
            "last_name": "",
            "birth_date": "2023-05-09",
            "is_active": true,
            "is_staff": false,
            "groups": [
                4
            ],
            "user_permissions": []
        }
    },
    {
        "model": "seguridad.user",
        "pk": 15,
        "fields": {
            "password": "pbkdf2_sha256$600000$kgRPHbxDkGRStLQgD3PhGM$y+WzbhCV0gU0Y6IhxkVeEIOVQBApkwuGzrnPmDXQr64=",
            "last_login": null,
            "is_superuser": false,
            "username": "78227572",
            "email": "",
            "first_name": "",
            "last_name": "",
            "birth_date": "2023-05-09",
            "is_active": true,
            "is_staff": false,
            "groups": [
                4
            ],
            "user_permissions": []
        }
    },
    {
        "model": "seguridad.user",
        "pk": 16,
        "fields": {
            "password": "pbkdf2_sha256$600000$ft7gLUFYzryIwbenEZTNWZ$0wzmJvwrP4Taj7q66DhU0imTqw5qujVPdflA6tbCR+I=",
            "last_login": null,
            "is_superuser": false,
            "username": "62315507",
            "email": "",
            "first_name": "",
            "last_name": "",
            "birth_date": "2023-05-09",
            "is_active": true,
            "is_staff": false,
            "groups": [
                4
            ],
            "user_permissions": []
        }
    },
    {
        "model": "seguridad.user",
        "pk": 17,
        "fields": {
            "password": "pbkdf2_sha256$600000$TffO1hIrJpJ2TQJD7rFPQp$N6xzr8tOs8sMZZPaXwzlQonh+dfkylivkPA3adJjJpM=",
            "last_login": null,
            "is_superuser": false,
            "username": "63089531",
            "email": "",
            "first_name": "",
            "last_name": "",
            "birth_date": "2023-05-09",
            "is_active": true,
            "is_staff": false,
            "groups": [
                4
            ],
            "user_permissions": []
        }
    },
    {
        "model": "seguridad.user",
        "pk": 18,
        "fields": {
            "password": "pbkdf2_sha256$600000$cwV5lWDCdKDABgVHjkHfwl$Pis6aNaOGXY95TTrqptqKyDQpPuPfDoeMMOiAIrNy2I=",
            "last_login": null,
            "is_superuser": false,
            "username": "62377826",
            "email": "",
            "first_name": "",
            "last_name": "",
            "birth_date": "2023-05-09",
            "is_active": true,
            "is_staff": false,
            "groups": [
                4
            ],
            "user_permissions": []
        }
    },
    {
        "model": "seguridad.user",
        "pk": 19,
        "fields": {
            "password": "pbkdf2_sha256$600000$AoPxfFuRdjHnVWw9TGiOUa$6uQi1xoKtOsT67VVgm2+GICj6MY6HLtmzzDLSPneKEg=",
            "last_login": null,
            "is_superuser": false,
            "username": "61427763",
            "email": "",
            "first_name": "",
            "last_name": "",
            "birth_date": "2023-05-09",
            "is_active": true,
            "is_staff": false,
            "groups": [
                4
            ],
            "user_permissions": []
        }
    },
    {
        "model": "seguridad.user",
        "pk": 20,
        "fields": {
            "password": "pbkdf2_sha256$600000$iaMvvjDyr4Bj6MQ7aMWa1z$XBE1Gl5aHWj/Bl9R+uxGHAGZ7nCMERCFnUWOU6GJ4Ws=",
            "last_login": null,
            "is_superuser": false,
            "username": "73727090",
            "email": "",
            "first_name": "",
            "last_name": "",
            "birth_date": "2023-05-09",
            "is_active": true,
            "is_staff": false,
            "groups": [
                4
            ],
            "user_permissions": []
        }
    },
    {
        "model": "seguridad.user",
        "pk": 21,
        "fields": {
            "password": "pbkdf2_sha256$600000$rSFCEs55uiVb6huMuTygr1$gj8nkHzean/C17Q0OC6hGLOKrpHGkGuvmikQ94b3bNk=",
            "last_login": null,
            "is_superuser": false,
            "username": "60379881",
            "email": "",
            "first_name": "",
            "last_name": "",
            "birth_date": "2023-05-09",
            "is_active": true,
            "is_staff": false,
            "groups": [
                4
            ],
            "user_permissions": []
        }
    },
    {
        "model": "seguridad.user",
        "pk": 22,
        "fields": {
            "password": "pbkdf2_sha256$600000$C3jej3qBBa6fFjqdDQ15tG$/WcIOn4QmITvQrC/R4p3UE/DfvfSQxwhx7qLNWBxyFg=",
            "last_login": null,
            "is_superuser": false,
            "username": "61958224",
            "email": "",
            "first_name": "",
            "last_name": "",
            "birth_date": "2023-05-09",
            "is_active": true,
            "is_staff": false,
            "groups": [
                4
            ],
            "user_permissions": []
        }
    },
    {
        "model": "seguridad.user",
        "pk": 23,
        "fields": {
            "password": "pbkdf2_sha256$600000$BJTRaeq0xL4V3pesk6sBTb$iDvZzcFlk8/joQWKtKl2bulh2oyZUYEDRqFQsREiP9g=",
            "last_login": null,
            "is_superuser": false,
            "username": "61521665",
            "email": "",
            "first_name": "",
            "last_name": "",
            "birth_date": "2023-05-09",
            "is_active": true,
            "is_staff": false,
            "groups": [
                4
            ],
            "user_permissions": []
        }
    },
    {
        "model": "seguridad.user",
        "pk": 24,
        "fields": {
            "password": "pbkdf2_sha256$600000$mZkIgfalOQN0hIJBTXNk0F$rpEpBMm9NeILOKqLGKYZq3WNI0tnrABO7futrMqcqMs=",
            "last_login": null,
            "is_superuser": false,
            "username": "90003707",
            "email": "",
            "first_name": "",
            "last_name": "",
            "birth_date": "2023-05-09",
            "is_active": true,
            "is_staff": false,
            "groups": [
                4
            ],
            "user_permissions": []
        }
    },
    {
        "model": "seguridad.user",
        "pk": 25,
        "fields": {
            "password": "pbkdf2_sha256$600000$VZa6ghH2grd5Zr6IiTj1Mf$ozOq9Q6KZFx1oAGbwZk53c4B9HKG7vGVYYx0hH2hj+Y=",
            "last_login": null,
            "is_superuser": false,
            "username": "61821457",
            "email": "",
            "first_name": "",
            "last_name": "",
            "birth_date": "2023-05-09",
            "is_active": true,
            "is_staff": false,
            "groups": [
                4
            ],
            "user_permissions": []
        }
    },
    {
        "model": "seguridad.user",
        "pk": 26,
        "fields": {
            "password": "pbkdf2_sha256$600000$eMx5V3mYjKIaNM4vu0IFr0$m3Y3pISlccUniWRkcvUKpQJB8KO7QUFDTFMIwmJsPQk=",
            "last_login": null,
            "is_superuser": false,
            "username": "61821482",
            "email": "",
            "first_name": "",
            "last_name": "",
            "birth_date": "2023-05-09",
            "is_active": true,
            "is_staff": false,
            "groups": [
                4
            ],
            "user_permissions": []
        }
    },
    {
        "model": "seguridad.user",
        "pk": 27,
        "fields": {
            "password": "pbkdf2_sha256$600000$SmnLXRTutBvDbdNePsAFEC$iz78ksKp5oUtYubUH2f2kuzaaShQuN+2GR40mQbDBWs=",
            "last_login": null,
            "is_superuser": false,
            "username": "62377931",
            "email": "",
            "first_name": "",
            "last_name": "",
            "birth_date": "2023-05-09",
            "is_active": true,
            "is_staff": false,
            "groups": [
                4
            ],
            "user_permissions": []
        }
    },
    {
        "model": "seguridad.user",
        "pk": 28,
        "fields": {
            "password": "pbkdf2_sha256$600000$FJowciyc4FBjYxoHcinnCq$JDL9f7KC6C8IcLeO0lwRzv0AeShrL2hwe5Da0vQod14=",
            "last_login": null,
            "is_superuser": false,
            "username": "62069371",
            "email": "",
            "first_name": "",
            "last_name": "",
            "birth_date": "2023-05-09",
            "is_active": true,
            "is_staff": false,
            "groups": [
                4
            ],
            "user_permissions": []
        }
    },
    {
        "model": "seguridad.user",
        "pk": 29,
        "fields": {
            "password": "pbkdf2_sha256$600000$xybJ7C5MAkda719sygPwAM$wqF5IVGP0gNb+4F4X1fDYH1xH2/HUkFGCDmooI5MKVY=",
            "last_login": null,
            "is_superuser": false,
            "username": "61958279",
            "email": "",
            "first_name": "",
            "last_name": "",
            "birth_date": "2023-05-10",
            "is_active": true,
            "is_staff": false,
            "groups": [
                4
            ],
            "user_permissions": []
        }
    },
    {
        "model": "seguridad.user",
        "pk": 30,
        "fields": {
            "password": "pbkdf2_sha256$600000$xD39anDLpJNIaAuThsAM97$yrVfi/GJflWWbnAZrNjmm2eI9wYbFAS6lHgIMRoAD9k=",
            "last_login": null,
            "is_superuser": false,
            "username": "61821589",
            "email": "",
            "first_name": "",
            "last_name": "",
            "birth_date": "2023-05-10",
            "is_active": true,
            "is_staff": false,
            "groups": [
                4
            ],
            "user_permissions": []
        }
    },
    {
        "model": "seguridad.user",
        "pk": 31,
        "fields": {
            "password": "pbkdf2_sha256$600000$yqOODbLo6kicMecqfHGwLE$jddQjntoMxdT6uHVS2csJUVLdBKXWDL2MBZk0JgRO1w=",
            "last_login": null,
            "is_superuser": false,
            "username": "62377862",
            "email": "",
            "first_name": "",
            "last_name": "",
            "birth_date": "2023-05-10",
            "is_active": true,
            "is_staff": false,
            "groups": [
                4
            ],
            "user_permissions": []
        }
    },
    {
        "model": "seguridad.user",
        "pk": 32,
        "fields": {
            "password": "pbkdf2_sha256$600000$oG2KBYh4bF1fBdU1npW1lk$2Ig/HJjKAotqCkY9FmR5kVvmTc5V9StntRo7TGPZO6I=",
            "last_login": null,
            "is_superuser": false,
            "username": "62628312",
            "email": "",
            "first_name": "",
            "last_name": "",
            "birth_date": "2023-05-10",
            "is_active": true,
            "is_staff": false,
            "groups": [
                4
            ],
            "user_permissions": []
        }
    },
    {
        "model": "seguridad.user",
        "pk": 33,
        "fields": {
            "password": "pbkdf2_sha256$600000$ykSg6nfJBfEWbcz5MG5Y1O$fWuOPvH21NB+sgS0xLiGaMubfXiNvvYuXvp4UWWFlvk=",
            "last_login": null,
            "is_superuser": false,
            "username": "61821596",
            "email": "",
            "first_name": "",
            "last_name": "",
            "birth_date": "2023-05-10",
            "is_active": true,
            "is_staff": false,
            "groups": [
                4
            ],
            "user_permissions": []
        }
    },
    {
        "model": "seguridad.user",
        "pk": 34,
        "fields": {
            "password": "pbkdf2_sha256$600000$bdLIR6ihEFknw6EMAqtwwl$P0H8xc3peWrwwuWDhV+VrRoCQn2NyABHU5+S1jOER6E=",
            "last_login": null,
            "is_superuser": false,
            "username": "63798197",
            "email": "",
            "first_name": "",
            "last_name": "",
            "birth_date": "2023-05-10",
            "is_active": true,
            "is_staff": false,
            "groups": [
                4
            ],
            "user_permissions": []
        }
    },
    {
        "model": "seguridad.user",
        "pk": 35,
        "fields": {
            "password": "pbkdf2_sha256$600000$INw6RAvojl5IsFQxR9VS6N$EcNaxB2BhWUPEtpfViGC+yIFYIonQH5Z4x9I4h52MmE=",
            "last_login": null,
            "is_superuser": false,
            "username": "79501146",
            "email": "",
            "first_name": "",
            "last_name": "",
            "birth_date": "2023-05-10",
            "is_active": true,
            "is_staff": false,
            "groups": [
                4
            ],
            "user_permissions": []
        }
    },
    {
        "model": "seguridad.user",
        "pk": 36,
        "fields": {
            "password": "pbkdf2_sha256$600000$SlbnfXv8P761StfW8YYqQs$xkaIFts4ls7JUwfhAJ8od1RWEnyB/mHvGdA5DortMr0=",
            "last_login": null,
            "is_superuser": false,
            "username": "79194233",
            "email": "",
            "first_name": "",
            "last_name": "",
            "birth_date": "2023-05-10",
            "is_active": true,
            "is_staff": false,
            "groups": [
                4
            ],
            "user_permissions": []
        }
    },
    {
        "model": "seguridad.user",
        "pk": 37,
        "fields": {
            "password": "pbkdf2_sha256$600000$Vq3PhWSYzG2ShCx2aKZRFE$vEnOe0h/7T12kPirbPbsJhEJQTYF/shsHeOE5U5fIK4=",
            "last_login": null,
            "is_superuser": false,
            "username": "79242720",
            "email": "",
            "first_name": "",
            "last_name": "",
            "birth_date": "2023-05-10",
            "is_active": true,
            "is_staff": false,
            "groups": [
                4
            ],
            "user_permissions": []
        }
    },
    {
        "model": "seguridad.user",
        "pk": 38,
        "fields": {
            "password": "pbkdf2_sha256$600000$M6pVyDYoKnCTyWt6oHUuzN$wOkU4ijHQpbKDw46Eeou2Gfvjwczf5jCOFTUpimlk98=",
            "last_login": null,
            "is_superuser": false,
            "username": "79206459",
            "email": "",
            "first_name": "",
            "last_name": "",
            "birth_date": "2023-05-10",
            "is_active": true,
            "is_staff": false,
            "groups": [
                4
            ],
            "user_permissions": []
        }
    },
    {
        "model": "seguridad.user",
        "pk": 39,
        "fields": {
            "password": "pbkdf2_sha256$600000$N9SOat9iSeYAaxAu7WqtIN$GsJNdCQKZHGb5holDWE+sMS6kgN+REFU7G66/jhog7A=",
            "last_login": null,
            "is_superuser": false,
            "username": "79345259",
            "email": "",
            "first_name": "",
            "last_name": "",
            "birth_date": "2023-05-10",
            "is_active": true,
            "is_staff": false,
            "groups": [
                4
            ],
            "user_permissions": []
        }
    },
    {
        "model": "seguridad.user",
        "pk": 40,
        "fields": {
            "password": "pbkdf2_sha256$600000$rS4QCcz22LPOoPGjdzuX9w$vJrG5CyH1sSfgK6MaYedmUvXwPq/2gFhr2SsScmHXic=",
            "last_login": null,
            "is_superuser": false,
            "username": "79592151",
            "email": "",
            "first_name": "",
            "last_name": "",
            "birth_date": "2023-05-10",
            "is_active": true,
            "is_staff": false,
            "groups": [
                4
            ],
            "user_permissions": []
        }
    },
    {
        "model": "seguridad.user",
        "pk": 41,
        "fields": {
            "password": "pbkdf2_sha256$600000$mYulIVab1fpIgkupEU14y8$5+mgms4PSlK5vg3qqMrA/aPwcKk9uOdSBUORJIUgCy8=",
            "last_login": null,
            "is_superuser": false,
            "username": "79127132",
            "email": "",
            "first_name": "",
            "last_name": "",
            "birth_date": "2023-05-10",
            "is_active": true,
            "is_staff": false,
            "groups": [
                4
            ],
            "user_permissions": []
        }
    },
    {
        "model": "seguridad.user",
        "pk": 42,
        "fields": {
            "password": "pbkdf2_sha256$600000$WQ2JmxTtyEH3UNgVCCQvuY$REpBJRGZNoO/coXas48dH+Ay8/luvQ5bDwVZE1Bh2aw=",
            "last_login": null,
            "is_superuser": false,
            "username": "79571145",
            "email": "",
            "first_name": "",
            "last_name": "",
            "birth_date": "2023-05-10",
            "is_active": true,
            "is_staff": false,
            "groups": [
                4
            ],
            "user_permissions": []
        }
    },
    {
        "model": "seguridad.user",
        "pk": 43,
        "fields": {
            "password": "pbkdf2_sha256$600000$nQ8ozrBFrbpZJ2xd5Xr7WH$gmSZJEtCHskDBZkzr1dyFiMa4ddwHw7OOvsBrvqlh64=",
            "last_login": null,
            "is_superuser": false,
            "username": "79603155",
            "email": "",
            "first_name": "",
            "last_name": "",
            "birth_date": "2023-05-10",
            "is_active": true,
            "is_staff": false,
            "groups": [
                4
            ],
            "user_permissions": []
        }
    },
    {
        "model": "seguridad.user",
        "pk": 44,
        "fields": {
            "password": "pbkdf2_sha256$600000$Ht5chcvKTzyUBt7Z4qCWOG$4b1wHmrxDMIRBu4bKktAoy6S71lcI2LW1ABYcvsPU+s=",
            "last_login": null,
            "is_superuser": false,
            "username": "79167443",
            "email": "",
            "first_name": "",
            "last_name": "",
            "birth_date": "2023-05-10",
            "is_active": true,
            "is_staff": false,
            "groups": [
                4
            ],
            "user_permissions": []
        }
    },
    {
        "model": "seguridad.user",
        "pk": 45,
        "fields": {
            "password": "pbkdf2_sha256$600000$2ULQ4hSb7Ug9qu3doxOYyL$bEAzJIeXXdQL7VarL4Uvs1ESvi3N/pDCEcLyAjMDSM8=",
            "last_login": null,
            "is_superuser": false,
            "username": "79149442",
            "email": "",
            "first_name": "",
            "last_name": "",
            "birth_date": "2023-05-10",
            "is_active": true,
            "is_staff": false,
            "groups": [
                4
            ],
            "user_permissions": []
        }
    },
    {
        "model": "seguridad.user",
        "pk": 46,
        "fields": {
            "password": "pbkdf2_sha256$600000$Cb1bSHDIZQgSWuLG0C1sqM$K4sA6eQIrIuvUQ6IiH7njoJxuu1r6gJoO79SA0xX82w=",
            "last_login": null,
            "is_superuser": false,
            "username": "79184768",
            "email": "",
            "first_name": "",
            "last_name": "",
            "birth_date": "2023-05-10",
            "is_active": true,
            "is_staff": false,
            "groups": [
                4
            ],
            "user_permissions": []
        }
    },
    {
        "model": "seguridad.user",
        "pk": 47,
        "fields": {
            "password": "pbkdf2_sha256$600000$E9j23Lh0tn85spopA9sVqp$VGPwLXDmhMmU1FvXmRKM/TXeOy/P3jy1SGBzLiiyfzc=",
            "last_login": null,
            "is_superuser": false,
            "username": "79249733",
            "email": "",
            "first_name": "",
            "last_name": "",
            "birth_date": "2023-05-10",
            "is_active": true,
            "is_staff": false,
            "groups": [
                4
            ],
            "user_permissions": []
        }
    },
    {
        "model": "seguridad.user",
        "pk": 48,
        "fields": {
            "password": "pbkdf2_sha256$600000$BaoJDokCabxFNhMHuaqV5y$c2sBnFoz+nt2alIdyXn7EqJX0IhBLeuhJodHj7y1koQ=",
            "last_login": null,
            "is_superuser": false,
            "username": "61958222",
            "email": "",
            "first_name": "",
            "last_name": "",
            "birth_date": "2023-05-10",
            "is_active": true,
            "is_staff": false,
            "groups": [
                4
            ],
            "user_permissions": []
        }
    },
    {
        "model": "seguridad.user",
        "pk": 49,
        "fields": {
            "password": "pbkdf2_sha256$600000$8g44M7luH7jZpo6kqB6TSI$VoM7eibuOx8JNeaYhcYJf0se9IJ1EVxSQ0wpiQYE3Ng=",
            "last_login": null,
            "is_superuser": false,
            "username": "61958301",
            "email": "",
            "first_name": "",
            "last_name": "",
            "birth_date": "2023-05-10",
            "is_active": true,
            "is_staff": false,
            "groups": [
                4
            ],
            "user_permissions": []
        }
    },
    {
        "model": "seguridad.user",
        "pk": 50,
        "fields": {
            "password": "pbkdf2_sha256$600000$QhJw9SDoRTBePP9hFZ8csC$YkUB54+ASixQAqiX+p2lKik7XqQZH2hEonxC9DN4prs=",
            "last_login": null,
            "is_superuser": false,
            "username": "79280684",
            "email": "",
            "first_name": "",
            "last_name": "",
            "birth_date": "2023-05-11",
            "is_active": true,
            "is_staff": false,
            "groups": [
                4
            ],
            "user_permissions": []
        }
    },
    {
        "model": "seguridad.user",
        "pk": 51,
        "fields": {
            "password": "pbkdf2_sha256$600000$UvFYxqSiCI97fYNqwsRvc6$kVyKEnGy/ROFwA2tFWiwfvMBTSKZ1zMQPRaSiUkCt5o=",
            "last_login": null,
            "is_superuser": false,
            "username": "79247697",
            "email": "",
            "first_name": "",
            "last_name": "",
            "birth_date": "2023-05-11",
            "is_active": true,
            "is_staff": false,
            "groups": [
                4
            ],
            "user_permissions": []
        }
    },
    {
        "model": "seguridad.user",
        "pk": 52,
        "fields": {
            "password": "pbkdf2_sha256$600000$BKYdgti1uAaSmtoWulgkFn$wKU+bMCBA1P1fafet9L8r4wYk26R3q4F2R/iz80P7ZI=",
            "last_login": null,
            "is_superuser": false,
            "username": "79313716",
            "email": "",
            "first_name": "",
            "last_name": "",
            "birth_date": "2023-05-11",
            "is_active": true,
            "is_staff": false,
            "groups": [
                4
            ],
            "user_permissions": []
        }
    },
    {
        "model": "seguridad.user",
        "pk": 53,
        "fields": {
            "password": "pbkdf2_sha256$600000$0NtH0nn3BElXeV69PIeS1l$cdsSl68oviJuOuPbWjfOfTjZz5+DD9ElH6rtVClqVdM=",
            "last_login": null,
            "is_superuser": false,
            "username": "79477424",
            "email": "",
            "first_name": "",
            "last_name": "",
            "birth_date": "2023-05-11",
            "is_active": true,
            "is_staff": false,
            "groups": [
                4
            ],
            "user_permissions": []
        }
    }
]