[{"model": "admin.logentry", "pk": 1, "fields": {"action_time": "2023-04-24T01:39:42.103Z", "user": 1, "content_type": 3, "object_id": "4", "object_repr": "Alumno", "action_flag": 1, "change_message": "new through import_export"}}, {"model": "admin.logentry", "pk": 2, "fields": {"action_time": "2023-04-24T01:39:42.104Z", "user": 1, "content_type": 3, "object_id": "3", "object_repr": "Administrador de Recursos", "action_flag": 1, "change_message": "new through import_export"}}, {"model": "admin.logentry", "pk": 3, "fields": {"action_time": "2023-04-24T01:39:42.105Z", "user": 1, "content_type": 3, "object_id": "2", "object_repr": "Docente", "action_flag": 1, "change_message": "new through import_export"}}, {"model": "admin.logentry", "pk": 4, "fields": {"action_time": "2023-04-24T01:39:42.107Z", "user": 1, "content_type": 3, "object_id": "1", "object_repr": "Administrador del sistema", "action_flag": 1, "change_message": "new through import_export"}}, {"model": "admin.logentry", "pk": 5, "fields": {"action_time": "2023-04-24T01:40:04.132Z", "user": 1, "content_type": 17, "object_id": "3", "object_repr": "25716445", "action_flag": 1, "change_message": "new through import_export"}}, {"model": "admin.logentry", "pk": 6, "fields": {"action_time": "2023-04-24T01:40:04.135Z", "user": 1, "content_type": 17, "object_id": "2", "object_repr": "Jose Quiñones", "action_flag": 1, "change_message": "new through import_export"}}, {"model": "admin.logentry", "pk": 7, "fields": {"action_time": "2023-04-24T01:40:04.136Z", "user": 1, "content_type": 17, "object_id": "1", "object_repr": "Institución San Martin de Sechura", "action_flag": 1, "change_message": "new through import_export"}}, {"model": "admin.logentry", "pk": 8, "fields": {"action_time": "2023-04-24T01:40:20.036Z", "user": 1, "content_type": 14, "object_id": "3", "object_repr": "Secundaria", "action_flag": 1, "change_message": "new through import_export"}}, {"model": "admin.logentry", "pk": 9, "fields": {"action_time": "2023-04-24T01:40:20.042Z", "user": 1, "content_type": 14, "object_id": "2", "object_repr": "Primaria", "action_flag": 1, "change_message": "new through import_export"}}, {"model": "admin.logentry", "pk": 10, "fields": {"action_time": "2023-04-24T01:40:20.050Z", "user": 1, "content_type": 14, "object_id": "1", "object_repr": "Inicial", "action_flag": 1, "change_message": "new through import_export"}}, {"model": "admin.logentry", "pk": 11, "fields": {"action_time": "2023-04-24T01:40:34.146Z", "user": 1, "content_type": 13, "object_id": "13", "object_repr": "Quinto Año", "action_flag": 1, "change_message": "new through import_export"}}, {"model": "admin.logentry", "pk": 12, "fields": {"action_time": "2023-04-24T01:40:34.148Z", "user": 1, "content_type": 13, "object_id": "12", "object_repr": "Cuarto Año", "action_flag": 1, "change_message": "new through import_export"}}, {"model": "admin.logentry", "pk": 13, "fields": {"action_time": "2023-04-24T01:40:34.149Z", "user": 1, "content_type": 13, "object_id": "11", "object_repr": "Tercer Año", "action_flag": 1, "change_message": "new through import_export"}}, {"model": "admin.logentry", "pk": 14, "fields": {"action_time": "2023-04-24T01:40:34.150Z", "user": 1, "content_type": 13, "object_id": "10", "object_repr": "Segundo Año", "action_flag": 1, "change_message": "new through import_export"}}, {"model": "admin.logentry", "pk": 15, "fields": {"action_time": "2023-04-24T01:40:34.152Z", "user": 1, "content_type": 13, "object_id": "9", "object_repr": "Primer Año", "action_flag": 1, "change_message": "new through import_export"}}, {"model": "admin.logentry", "pk": 16, "fields": {"action_time": "2023-04-24T01:40:34.154Z", "user": 1, "content_type": 13, "object_id": "8", "object_repr": "Sexto Grado", "action_flag": 1, "change_message": "new through import_export"}}, {"model": "admin.logentry", "pk": 17, "fields": {"action_time": "2023-04-24T01:40:34.155Z", "user": 1, "content_type": 13, "object_id": "7", "object_repr": "Quinto Grado", "action_flag": 1, "change_message": "new through import_export"}}, {"model": "admin.logentry", "pk": 18, "fields": {"action_time": "2023-04-24T01:40:34.157Z", "user": 1, "content_type": 13, "object_id": "6", "object_repr": "Cuarto Grado", "action_flag": 1, "change_message": "new through import_export"}}, {"model": "admin.logentry", "pk": 19, "fields": {"action_time": "2023-04-24T01:40:34.158Z", "user": 1, "content_type": 13, "object_id": "5", "object_repr": "Tercer grado", "action_flag": 1, "change_message": "new through import_export"}}, {"model": "admin.logentry", "pk": 20, "fields": {"action_time": "2023-04-24T01:40:34.159Z", "user": 1, "content_type": 13, "object_id": "4", "object_repr": "Segundo Grado", "action_flag": 1, "change_message": "new through import_export"}}, {"model": "admin.logentry", "pk": 21, "fields": {"action_time": "2023-04-24T01:40:34.161Z", "user": 1, "content_type": 13, "object_id": "3", "object_repr": "Primer Grado", "action_flag": 1, "change_message": "new through import_export"}}, {"model": "admin.logentry", "pk": 22, "fields": {"action_time": "2023-04-24T01:40:34.162Z", "user": 1, "content_type": 13, "object_id": "2", "object_repr": "5 años", "action_flag": 1, "change_message": "new through import_export"}}, {"model": "admin.logentry", "pk": 23, "fields": {"action_time": "2023-04-24T01:40:34.163Z", "user": 1, "content_type": 13, "object_id": "1", "object_repr": "4 años", "action_flag": 1, "change_message": "new through import_export"}}, {"model": "admin.logentry", "pk": 24, "fields": {"action_time": "2023-04-24T01:40:53.323Z", "user": 1, "content_type": 15, "object_id": "7", "object_repr": "Ciencias Sociales - Primer Grado", "action_flag": 1, "change_message": "new through import_export"}}, {"model": "admin.logentry", "pk": 25, "fields": {"action_time": "2023-04-24T01:40:53.325Z", "user": 1, "content_type": 15, "object_id": "6", "object_repr": "Comunicacion - Segundo Grado", "action_flag": 1, "change_message": "new through import_export"}}, {"model": "admin.logentry", "pk": 26, "fields": {"action_time": "2023-04-24T01:40:53.327Z", "user": 1, "content_type": 15, "object_id": "5", "object_repr": "Comunicacion - Primer Grado", "action_flag": 1, "change_message": "new through import_export"}}, {"model": "admin.logentry", "pk": 27, "fields": {"action_time": "2023-04-24T01:40:53.329Z", "user": 1, "content_type": 15, "object_id": "4", "object_repr": "Matematica - Segundo Grado", "action_flag": 1, "change_message": "new through import_export"}}, {"model": "admin.logentry", "pk": 28, "fields": {"action_time": "2023-04-24T01:40:53.331Z", "user": 1, "content_type": 15, "object_id": "3", "object_repr": "Matematica - Primer Grado", "action_flag": 1, "change_message": "new through import_export"}}, {"model": "admin.logentry", "pk": 29, "fields": {"action_time": "2023-04-24T01:40:53.333Z", "user": 1, "content_type": 15, "object_id": "2", "object_repr": "Dibujo - 5 años", "action_flag": 1, "change_message": "new through import_export"}}, {"model": "admin.logentry", "pk": 30, "fields": {"action_time": "2023-04-24T01:40:53.335Z", "user": 1, "content_type": 15, "object_id": "1", "object_repr": "Dibujo - 4 años", "action_flag": 1, "change_message": "new through import_export"}}, {"model": "admin.logentry", "pk": 31, "fields": {"action_time": "2023-04-24T01:43:39.092Z", "user": 1, "content_type": 23, "object_id": "109", "object_repr": "LA PALOMA MISTERIOSA", "action_flag": 1, "change_message": "new through import_export"}}, {"model": "admin.logentry", "pk": 32, "fields": {"action_time": "2023-04-24T01:43:39.094Z", "user": 1, "content_type": 23, "object_id": "108", "object_repr": "Comentarios Reales de los Incas", "action_flag": 1, "change_message": "new through import_export"}}, {"model": "admin.logentry", "pk": 33, "fields": {"action_time": "2023-04-24T01:43:39.095Z", "user": 1, "content_type": 23, "object_id": "107", "object_repr": "DON QUIJOTE DE LA MANCHA", "action_flag": 1, "change_message": "new through import_export"}}, {"model": "admin.logentry", "pk": 34, "fields": {"action_time": "2023-04-24T01:43:39.096Z", "user": 1, "content_type": 23, "object_id": "106", "object_repr": "EL SUEÑO DE UNA NOCHE DE VERANO", "action_flag": 1, "change_message": "new through import_export"}}, {"model": "admin.logentry", "pk": 35, "fields": {"action_time": "2023-04-24T01:43:39.097Z", "user": 1, "content_type": 23, "object_id": "105", "object_repr": "EL TORNADO DENTRO DE UNA BOTELLA", "action_flag": 1, "change_message": "new through import_export"}}, {"model": "admin.logentry", "pk": 36, "fields": {"action_time": "2023-04-24T01:43:39.098Z", "user": 1, "content_type": 23, "object_id": "104", "object_repr": "Recomendaciones para prevenir daños en época de lluvias.", "action_flag": 1, "change_message": "new through import_export"}}, {"model": "admin.logentry", "pk": 37, "fields": {"action_time": "2023-04-24T01:43:39.099Z", "user": 1, "content_type": 23, "object_id": "101", "object_repr": "¿Cómo protegerse ante una tormenta eléctrica?", "action_flag": 1, "change_message": "new through import_export"}}, {"model": "admin.logentry", "pk": 38, "fields": {"action_time": "2023-04-24T01:43:39.100Z", "user": 1, "content_type": 23, "object_id": "100", "object_repr": "El león y el ratón", "action_flag": 1, "change_message": "new through import_export"}}, {"model": "admin.logentry", "pk": 39, "fields": {"action_time": "2023-04-24T01:43:39.101Z", "user": 1, "content_type": 23, "object_id": "99", "object_repr": "EL ELEFANTE BERNARDO", "action_flag": 1, "change_message": "new through import_export"}}, {"model": "admin.logentry", "pk": 40, "fields": {"action_time": "2023-04-24T01:43:39.102Z", "user": 1, "content_type": 23, "object_id": "98", "object_repr": "Anécdotas sechuranas", "action_flag": 1, "change_message": "new through import_export"}}, {"model": "admin.logentry", "pk": 41, "fields": {"action_time": "2023-04-24T01:43:39.103Z", "user": 1, "content_type": 23, "object_id": "97", "object_repr": "COMIDAS SECHURANAS", "action_flag": 1, "change_message": "new through import_export"}}, {"model": "admin.logentry", "pk": 42, "fields": {"action_time": "2023-04-24T01:43:39.104Z", "user": 1, "content_type": 23, "object_id": "96", "object_repr": "Describo a mi persona favorita", "action_flag": 1, "change_message": "new through import_export"}}, {"model": "admin.logentry", "pk": 43, "fields": {"action_time": "2023-04-24T01:43:39.106Z", "user": 1, "content_type": 23, "object_id": "95", "object_repr": "La fiesta religiosa de San Pedro - Sechura", "action_flag": 1, "change_message": "new through import_export"}}, {"model": "admin.logentry", "pk": 44, "fields": {"action_time": "2023-04-24T01:43:39.107Z", "user": 1, "content_type": 23, "object_id": "93", "object_repr": "Ya no le temo a la oscuridad", "action_flag": 1, "change_message": "new through import_export"}}, {"model": "admin.logentry", "pk": 45, "fields": {"action_time": "2023-04-24T01:43:39.109Z", "user": 1, "content_type": 23, "object_id": "92", "object_repr": "¿Cómo era la vida antes en Sechura?", "action_flag": 1, "change_message": "new through import_export"}}, {"model": "admin.logentry", "pk": 46, "fields": {"action_time": "2023-04-24T01:43:39.110Z", "user": 1, "content_type": 23, "object_id": "91", "object_repr": "Danza del Barquito", "action_flag": 1, "change_message": "new through import_export"}}, {"model": "admin.logentry", "pk": 47, "fields": {"action_time": "2023-04-24T01:43:39.112Z", "user": 1, "content_type": 23, "object_id": "90", "object_repr": "Costumbres y tradiciones de Sechura", "action_flag": 1, "change_message": "new through import_export"}}, {"model": "admin.logentry", "pk": 48, "fields": {"action_time": "2023-04-24T01:43:39.113Z", "user": 1, "content_type": 23, "object_id": "89", "object_repr": "Entrevista: Danza las Cusqueñitas", "action_flag": 1, "change_message": "new through import_export"}}, {"model": "admin.logentry", "pk": 49, "fields": {"action_time": "2023-04-24T01:43:39.114Z", "user": 1, "content_type": 23, "object_id": "88", "object_repr": "Textos descriptivos", "action_flag": 1, "change_message": "new through import_export"}}, {"model": "admin.logentry", "pk": 50, "fields": {"action_time": "2023-04-24T01:43:39.115Z", "user": 1, "content_type": 23, "object_id": "87", "object_repr": "Anécdotas sechuranas", "action_flag": 1, "change_message": "new through import_export"}}, {"model": "admin.logentry", "pk": 51, "fields": {"action_time": "2023-04-24T01:43:39.116Z", "user": 1, "content_type": 23, "object_id": "86", "object_repr": "COMIDAS SECHURANAS", "action_flag": 1, "change_message": "new through import_export"}}, {"model": "admin.logentry", "pk": 52, "fields": {"action_time": "2023-04-24T01:43:39.117Z", "user": 1, "content_type": 23, "object_id": "85", "object_repr": "El silbido del muerto\"", "action_flag": 1, "change_message": "new through import_export"}}, {"model": "admin.logentry", "pk": 53, "fields": {"action_time": "2023-04-24T01:43:39.118Z", "user": 1, "content_type": 23, "object_id": "84", "object_repr": "LA LEYENDA DEL RÍO HABLADOR", "action_flag": 1, "change_message": "new through import_export"}}, {"model": "admin.logentry", "pk": 54, "fields": {"action_time": "2023-04-24T01:43:39.119Z", "user": 1, "content_type": 23, "object_id": "83", "object_repr": "RIMAS - NOS CUIDAMOS DEL DENGUE", "action_flag": 1, "change_message": "new through import_export"}}, {"model": "admin.logentry", "pk": 55, "fields": {"action_time": "2023-04-24T01:43:39.120Z", "user": 1, "content_type": 23, "object_id": "82", "object_repr": "CULTIVANDO VALORES-PROGRAMA RADIAL", "action_flag": 1, "change_message": "new through import_export"}}, {"model": "admin.logentry", "pk": 56, "fields": {"action_time": "2023-04-24T01:43:39.121Z", "user": 1, "content_type": 23, "object_id": "81", "object_repr": "¿DIPTONGO O HIATO?", "action_flag": 1, "change_message": "new through import_export"}}, {"model": "admin.logentry", "pk": 57, "fields": {"action_time": "2023-04-24T01:43:39.122Z", "user": 1, "content_type": 23, "object_id": "80", "object_repr": "MULTIPLICAMOS", "action_flag": 1, "change_message": "new through import_export"}}, {"model": "admin.logentry", "pk": 58, "fields": {"action_time": "2023-04-24T01:43:39.123Z", "user": 1, "content_type": 23, "object_id": "77", "object_repr": "VOLVEMOS SEGURAS Y SEGUROS AL COLE", "action_flag": 1, "change_message": "new through import_export"}}, {"model": "admin.logentry", "pk": 59, "fields": {"action_time": "2023-04-24T01:43:39.124Z", "user": 1, "content_type": 23, "object_id": "76", "object_repr": "LAS GUARDIANAS DE LA CAPILLA", "action_flag": 1, "change_message": "new through import_export"}}, {"model": "admin.logentry", "pk": 60, "fields": {"action_time": "2023-04-24T01:43:39.125Z", "user": 1, "content_type": 23, "object_id": "75", "object_repr": "LAS GUARDIANAS DE LA CAPILLA", "action_flag": 1, "change_message": "new through import_export"}}, {"model": "admin.logentry", "pk": 61, "fields": {"action_time": "2023-04-24T01:43:39.127Z", "user": 1, "content_type": 23, "object_id": "74", "object_repr": "VAMOS A CUIDAR LA TIERRA", "action_flag": 1, "change_message": "new through import_export"}}, {"model": "admin.logentry", "pk": 62, "fields": {"action_time": "2023-04-24T01:43:39.129Z", "user": 1, "content_type": 23, "object_id": "73", "object_repr": "CUIDAMOS EL MEDIO AMBIENTE", "action_flag": 1, "change_message": "new through import_export"}}, {"model": "admin.logentry", "pk": 63, "fields": {"action_time": "2023-04-24T01:43:39.130Z", "user": 1, "content_type": 23, "object_id": "72", "object_repr": "ILLESCAS", "action_flag": 1, "change_message": "new through import_export"}}, {"model": "admin.logentry", "pk": 64, "fields": {"action_time": "2023-04-24T01:43:39.132Z", "user": 1, "content_type": 23, "object_id": "71", "object_repr": "KIPI EN SECHURA", "action_flag": 1, "change_message": "new through import_export"}}, {"model": "admin.logentry", "pk": 65, "fields": {"action_time": "2023-04-24T01:43:39.134Z", "user": 1, "content_type": 23, "object_id": "69", "object_repr": "¡Cuidado con el dengue!", "action_flag": 1, "change_message": "new through import_export"}}, {"model": "admin.logentry", "pk": 66, "fields": {"action_time": "2023-04-24T01:43:39.135Z", "user": 1, "content_type": 23, "object_id": "68", "object_repr": "¡Todos contra el dengue!", "action_flag": 1, "change_message": "new through import_export"}}, {"model": "admin.logentry", "pk": 67, "fields": {"action_time": "2023-04-24T01:43:39.137Z", "user": 1, "content_type": 23, "object_id": "67", "object_repr": "La banda de músicos y el Médano Blanco", "action_flag": 1, "change_message": "new through import_export"}}, {"model": "admin.logentry", "pk": 68, "fields": {"action_time": "2023-04-24T01:43:39.138Z", "user": 1, "content_type": 23, "object_id": "66", "object_repr": "El silbido del muerto", "action_flag": 1, "change_message": "new through import_export"}}, {"model": "admin.logentry", "pk": 69, "fields": {"action_time": "2023-04-24T01:43:39.140Z", "user": 1, "content_type": 23, "object_id": "65", "object_repr": "Afiche para prevenir el dengue", "action_flag": 1, "change_message": "new through import_export"}}, {"model": "admin.logentry", "pk": 70, "fields": {"action_time": "2023-04-24T01:43:39.141Z", "user": 1, "content_type": 23, "object_id": "64", "object_repr": "¿Por qué nos enfermamos de dengue?", "action_flag": 1, "change_message": "new through import_export"}}, {"model": "admin.logentry", "pk": 71, "fields": {"action_time": "2023-04-24T01:43:39.143Z", "user": 1, "content_type": 23, "object_id": "63", "object_repr": "¡Todos contra el dengue!", "action_flag": 1, "change_message": "new through import_export"}}, {"model": "admin.logentry", "pk": 72, "fields": {"action_time": "2023-04-24T01:43:39.144Z", "user": 1, "content_type": 23, "object_id": "62", "object_repr": "El encanto del cerro Vicús", "action_flag": 1, "change_message": "new through import_export"}}, {"model": "admin.logentry", "pk": 73, "fields": {"action_time": "2023-04-24T01:43:39.146Z", "user": 1, "content_type": 23, "object_id": "61", "object_repr": "¿Por qué nos contagiamos de dengue?", "action_flag": 1, "change_message": "new through import_export"}}, {"model": "admin.logentry", "pk": 74, "fields": {"action_time": "2023-04-24T01:43:39.147Z", "user": 1, "content_type": 23, "object_id": "60", "object_repr": "Danza \"Las Cusqueñas\"", "action_flag": 1, "change_message": "new through import_export"}}, {"model": "admin.logentry", "pk": 75, "fields": {"action_time": "2023-04-24T01:43:39.149Z", "user": 1, "content_type": 23, "object_id": "57", "object_repr": "Nos cuidamos del dengue escribiendo RIMAS", "action_flag": 1, "change_message": "new through import_export"}}, {"model": "admin.logentry", "pk": 76, "fields": {"action_time": "2023-04-24T01:43:39.150Z", "user": 1, "content_type": 23, "object_id": "56", "object_repr": "Manejo y uso del agua, conocimiento ancestral incaico", "action_flag": 1, "change_message": "new through import_export"}}, {"model": "admin.logentry", "pk": 77, "fields": {"action_time": "2023-04-24T01:43:39.152Z", "user": 1, "content_type": 23, "object_id": "55", "object_repr": "¿Qué son las Veedurías Escolares?", "action_flag": 1, "change_message": "new through import_export"}}, {"model": "admin.logentry", "pk": 78, "fields": {"action_time": "2023-04-24T01:43:39.154Z", "user": 1, "content_type": 23, "object_id": "52", "object_repr": "EL HUACO ENAMORADO", "action_flag": 1, "change_message": "new through import_export"}}, {"model": "admin.logentry", "pk": 79, "fields": {"action_time": "2023-04-24T01:43:39.156Z", "user": 1, "content_type": 23, "object_id": "51", "object_repr": "LA CHANCHA MISTERIOSA", "action_flag": 1, "change_message": "new through import_export"}}, {"model": "admin.logentry", "pk": 80, "fields": {"action_time": "2023-04-24T01:43:39.157Z", "user": 1, "content_type": 23, "object_id": "50", "object_repr": "EL ABRIGO DE DON PACHO", "action_flag": 1, "change_message": "new through import_export"}}, {"model": "admin.logentry", "pk": 81, "fields": {"action_time": "2023-04-24T01:43:39.159Z", "user": 1, "content_type": 23, "object_id": "49", "object_repr": "LA DUPLA MÁGICA", "action_flag": 1, "change_message": "new through import_export"}}, {"model": "admin.logentry", "pk": 82, "fields": {"action_time": "2023-04-24T01:43:39.160Z", "user": 1, "content_type": 23, "object_id": "48", "object_repr": "RESOLVEMOS PROBLEMAS", "action_flag": 1, "change_message": "new through import_export"}}, {"model": "admin.logentry", "pk": 83, "fields": {"action_time": "2023-04-24T01:43:39.162Z", "user": 1, "content_type": 23, "object_id": "47", "object_repr": "LEEMOS UNA HISTORIA", "action_flag": 1, "change_message": "new through import_export"}}, {"model": "admin.logentry", "pk": 84, "fields": {"action_time": "2023-04-24T01:43:39.164Z", "user": 1, "content_type": 23, "object_id": "46", "object_repr": "EL MITO DEL CHILALO", "action_flag": 1, "change_message": "new through import_export"}}, {"model": "admin.logentry", "pk": 85, "fields": {"action_time": "2023-04-24T01:43:39.165Z", "user": 1, "content_type": 23, "object_id": "45", "object_repr": "HISTORIA DE LA VIRGEN DE LAS MERCEDES DE PAITA", "action_flag": 1, "change_message": "new through import_export"}}, {"model": "admin.logentry", "pk": 86, "fields": {"action_time": "2023-04-24T01:43:39.166Z", "user": 1, "content_type": 23, "object_id": "44", "object_repr": "ÑAPIQUE, UNA PERLA EN EL DESIERTO DE SECHURA", "action_flag": 1, "change_message": "new through import_export"}}, {"model": "admin.logentry", "pk": 87, "fields": {"action_time": "2023-04-24T01:43:39.167Z", "user": 1, "content_type": 23, "object_id": "43", "object_repr": "ILLESCAS", "action_flag": 1, "change_message": "new through import_export"}}, {"model": "admin.logentry", "pk": 88, "fields": {"action_time": "2023-04-24T01:43:39.169Z", "user": 1, "content_type": 23, "object_id": "42", "object_repr": "PAULA LA NIÑA QUE SOLO COMÍA ESPAGUETIS", "action_flag": 1, "change_message": "new through import_export"}}, {"model": "admin.logentry", "pk": 89, "fields": {"action_time": "2023-04-24T01:43:39.170Z", "user": 1, "content_type": 23, "object_id": "41", "object_repr": "PROGRAMA RADIAL: CURIOSIDADES", "action_flag": 1, "change_message": "new through import_export"}}, {"model": "admin.logentry", "pk": 90, "fields": {"action_time": "2023-04-24T01:43:39.172Z", "user": 1, "content_type": 23, "object_id": "40", "object_repr": "LA PALOMA MISTERIOSA", "action_flag": 1, "change_message": "new through import_export"}}, {"model": "admin.logentry", "pk": 91, "fields": {"action_time": "2023-04-24T01:43:39.173Z", "user": 1, "content_type": 23, "object_id": "39", "object_repr": "El encanto de la Isla", "action_flag": 1, "change_message": "new through import_export"}}, {"model": "admin.logentry", "pk": 92, "fields": {"action_time": "2023-04-24T01:43:39.175Z", "user": 1, "content_type": 23, "object_id": "38", "object_repr": "EL HUMILDE GUARDIÁN", "action_flag": 1, "change_message": "new through import_export"}}, {"model": "admin.logentry", "pk": 93, "fields": {"action_time": "2023-04-24T01:43:39.177Z", "user": 1, "content_type": 23, "object_id": "37", "object_repr": "EL BARCO FANTASMA", "action_flag": 1, "change_message": "new through import_export"}}, {"model": "admin.logentry", "pk": 94, "fields": {"action_time": "2023-04-24T01:43:39.178Z", "user": 1, "content_type": 23, "object_id": "36", "object_repr": "EL AGRICULTOR Y MARÍA DOMINGA", "action_flag": 1, "change_message": "new through import_export"}}, {"model": "admin.logentry", "pk": 95, "fields": {"action_time": "2023-04-24T01:43:39.180Z", "user": 1, "content_type": 23, "object_id": "35", "object_repr": "EL FAROLITO", "action_flag": 1, "change_message": "new through import_export"}}, {"model": "admin.logentry", "pk": 96, "fields": {"action_time": "2023-04-24T01:43:39.182Z", "user": 1, "content_type": 23, "object_id": "34", "object_repr": "EL ABRIGO DE DON PANCHO", "action_flag": 1, "change_message": "new through import_export"}}, {"model": "admin.logentry", "pk": 97, "fields": {"action_time": "2023-04-24T01:43:39.183Z", "user": 1, "content_type": 23, "object_id": "33", "object_repr": "COMPRENDO LO QUE LEO", "action_flag": 1, "change_message": "new through import_export"}}, {"model": "admin.logentry", "pk": 98, "fields": {"action_time": "2023-04-24T01:43:39.185Z", "user": 1, "content_type": 23, "object_id": "32", "object_repr": "LUGARES DE SECHURA", "action_flag": 1, "change_message": "new through import_export"}}, {"model": "admin.logentry", "pk": 99, "fields": {"action_time": "2023-04-24T01:43:39.186Z", "user": 1, "content_type": 23, "object_id": "31", "object_repr": "Números del 1 al 5", "action_flag": 1, "change_message": "new through import_export"}}, {"model": "admin.logentry", "pk": 100, "fields": {"action_time": "2023-04-24T01:43:39.188Z", "user": 1, "content_type": 23, "object_id": "29", "object_repr": "¿Por qué no debemos consumir bebidas azucaradas?", "action_flag": 1, "change_message": "new through import_export"}}, {"model": "admin.logentry", "pk": 101, "fields": {"action_time": "2023-04-24T01:43:39.189Z", "user": 1, "content_type": 23, "object_id": "24", "object_repr": "PERÚ, SÍ SE PUEDE", "action_flag": 1, "change_message": "new through import_export"}}, {"model": "admin.logentry", "pk": 102, "fields": {"action_time": "2023-04-24T01:43:39.191Z", "user": 1, "content_type": 23, "object_id": "23", "object_repr": "SOMOS CIUDADANOS DEL BICENTENARIO", "action_flag": 1, "change_message": "new through import_export"}}, {"model": "admin.logentry", "pk": 103, "fields": {"action_time": "2023-04-24T01:43:39.192Z", "user": 1, "content_type": 23, "object_id": "21", "object_repr": "¿Qué debemos hacer frente a un fenómeno natural?", "action_flag": 1, "change_message": "new through import_export"}}, {"model": "admin.logentry", "pk": 104, "fields": {"action_time": "2023-04-24T01:43:39.193Z", "user": 1, "content_type": 23, "object_id": "20", "object_repr": "¿Por qué no debemos consumir bebidas azucaradas?", "action_flag": 1, "change_message": "new through import_export"}}, {"model": "admin.logentry", "pk": 105, "fields": {"action_time": "2023-04-24T01:43:39.195Z", "user": 1, "content_type": 23, "object_id": "19", "object_repr": "¿Por qué son importantes las vacunas?", "action_flag": 1, "change_message": "new through import_export"}}, {"model": "admin.logentry", "pk": 106, "fields": {"action_time": "2023-04-24T01:47:00.234Z", "user": 1, "content_type": 25, "object_id": "2", "object_repr": "73538401", "action_flag": 1, "change_message": "[{\"added\": {}}]"}}, {"model": "admin.logentry", "pk": 107, "fields": {"action_time": "2023-04-24T01:47:11.830Z", "user": 1, "content_type": 25, "object_id": "2", "object_repr": "73538401", "action_flag": 2, "change_message": "[{\"changed\": {\"fields\": [\"Groups\"]}}]"}}, {"model": "admin.logentry", "pk": 108, "fields": {"action_time": "2023-04-24T01:49:44.110Z", "user": 1, "content_type": 25, "object_id": "3", "object_repr": "02851625", "action_flag": 1, "change_message": "[{\"added\": {}}]"}}, {"model": "admin.logentry", "pk": 109, "fields": {"action_time": "2023-04-24T01:49:50.824Z", "user": 1, "content_type": 25, "object_id": "3", "object_repr": "02851625", "action_flag": 2, "change_message": "[{\"changed\": {\"fields\": [\"Groups\"]}}]"}}, {"model": "admin.logentry", "pk": 110, "fields": {"action_time": "2023-04-24T01:50:12.039Z", "user": 1, "content_type": 25, "object_id": "4", "object_repr": "74504436", "action_flag": 1, "change_message": "[{\"added\": {}}]"}}, {"model": "admin.logentry", "pk": 111, "fields": {"action_time": "2023-04-24T01:50:21.719Z", "user": 1, "content_type": 25, "object_id": "4", "object_repr": "74504436", "action_flag": 2, "change_message": "[{\"changed\": {\"fields\": [\"Groups\"]}}]"}}, {"model": "admin.logentry", "pk": 112, "fields": {"action_time": "2023-04-24T01:50:49.217Z", "user": 1, "content_type": 25, "object_id": "5", "object_repr": "09374874", "action_flag": 1, "change_message": "[{\"added\": {}}]"}}, {"model": "admin.logentry", "pk": 113, "fields": {"action_time": "2023-04-24T01:50:55.892Z", "user": 1, "content_type": 25, "object_id": "5", "object_repr": "09374874", "action_flag": 2, "change_message": "[{\"changed\": {\"fields\": [\"Groups\"]}}]"}}, {"model": "admin.logentry", "pk": 114, "fields": {"action_time": "2023-04-24T01:51:13.588Z", "user": 1, "content_type": 25, "object_id": "6", "object_repr": "02868923", "action_flag": 1, "change_message": "[{\"added\": {}}]"}}, {"model": "admin.logentry", "pk": 115, "fields": {"action_time": "2023-04-24T01:51:19.434Z", "user": 1, "content_type": 25, "object_id": "6", "object_repr": "02868923", "action_flag": 2, "change_message": "[{\"changed\": {\"fields\": [\"Groups\"]}}]"}}, {"model": "admin.logentry", "pk": 116, "fields": {"action_time": "2023-04-24T01:51:38.779Z", "user": 1, "content_type": 25, "object_id": "7", "object_repr": "45007535", "action_flag": 1, "change_message": "[{\"added\": {}}]"}}, {"model": "admin.logentry", "pk": 117, "fields": {"action_time": "2023-04-24T01:51:46.724Z", "user": 1, "content_type": 25, "object_id": "7", "object_repr": "45007535", "action_flag": 2, "change_message": "[{\"changed\": {\"fields\": [\"Groups\"]}}]"}}, {"model": "admin.logentry", "pk": 118, "fields": {"action_time": "2023-04-24T01:54:29.584Z", "user": 1, "content_type": 18, "object_id": "6", "object_repr": "Paul Alvarado Cruzado", "action_flag": 1, "change_message": "new through import_export"}}, {"model": "admin.logentry", "pk": 119, "fields": {"action_time": "2023-04-24T01:54:29.587Z", "user": 1, "content_type": 18, "object_id": "5", "object_repr": "Javier Paz Bayona", "action_flag": 1, "change_message": "new through import_export"}}, {"model": "admin.logentry", "pk": 120, "fields": {"action_time": "2023-04-24T01:54:29.589Z", "user": 1, "content_type": 18, "object_id": "4", "object_repr": "Hellen Curay Mora", "action_flag": 1, "change_message": "new through import_export"}}, {"model": "admin.logentry", "pk": 121, "fields": {"action_time": "2023-04-24T01:54:29.591Z", "user": 1, "content_type": 18, "object_id": "3", "object_repr": "Jose Vasquez Silva", "action_flag": 1, "change_message": "new through import_export"}}, {"model": "admin.logentry", "pk": 122, "fields": {"action_time": "2023-04-24T01:54:29.592Z", "user": 1, "content_type": 18, "object_id": "2", "object_repr": "Pedro Pablo Alvarez Chapilliquen", "action_flag": 1, "change_message": "new through import_export"}}, {"model": "admin.logentry", "pk": 123, "fields": {"action_time": "2023-04-24T01:54:29.594Z", "user": 1, "content_type": 18, "object_id": "1", "object_repr": "GIOVANNA RUMICHE AYALA", "action_flag": 1, "change_message": "new through import_export"}}, {"model": "admin.logentry", "pk": 124, "fields": {"action_time": "2023-04-24T01:57:52.351Z", "user": 1, "content_type": 25, "object_id": "7", "object_repr": "45007535", "action_flag": 2, "change_message": "[{\"changed\": {\"fields\": [\"Groups\"]}}]"}}, {"model": "admin.logentry", "pk": 125, "fields": {"action_time": "2023-05-01T14:46:35.300Z", "user": 1, "content_type": 11, "object_id": "2", "object_repr": "AlumnoInscripcionCurso object (2)", "action_flag": 3, "change_message": ""}}, {"model": "admin.logentry", "pk": 126, "fields": {"action_time": "2023-05-08T04:01:29.749Z", "user": 1, "content_type": 15, "object_id": "8", "object_repr": "Matematica - Cuarto Grado", "action_flag": 1, "change_message": "[{\"added\": {}}]"}}, {"model": "admin.logentry", "pk": 127, "fields": {"action_time": "2023-05-08T04:01:48.241Z", "user": 1, "content_type": 15, "object_id": "9", "object_repr": "Comunicacion - Cuarto Grado", "action_flag": 1, "change_message": "[{\"added\": {}}]"}}, {"model": "auth.permission", "pk": 1, "fields": {"name": "Can add log entry", "content_type": 1, "codename": "add_logentry"}}, {"model": "auth.permission", "pk": 2, "fields": {"name": "Can change log entry", "content_type": 1, "codename": "change_logentry"}}, {"model": "auth.permission", "pk": 3, "fields": {"name": "Can delete log entry", "content_type": 1, "codename": "delete_logentry"}}, {"model": "auth.permission", "pk": 4, "fields": {"name": "Can view log entry", "content_type": 1, "codename": "view_logentry"}}, {"model": "auth.permission", "pk": 5, "fields": {"name": "Can add permission", "content_type": 2, "codename": "add_permission"}}, {"model": "auth.permission", "pk": 6, "fields": {"name": "Can change permission", "content_type": 2, "codename": "change_permission"}}, {"model": "auth.permission", "pk": 7, "fields": {"name": "Can delete permission", "content_type": 2, "codename": "delete_permission"}}, {"model": "auth.permission", "pk": 8, "fields": {"name": "Can view permission", "content_type": 2, "codename": "view_permission"}}, {"model": "auth.permission", "pk": 9, "fields": {"name": "Can add group", "content_type": 3, "codename": "add_group"}}, {"model": "auth.permission", "pk": 10, "fields": {"name": "Can change group", "content_type": 3, "codename": "change_group"}}, {"model": "auth.permission", "pk": 11, "fields": {"name": "Can delete group", "content_type": 3, "codename": "delete_group"}}, {"model": "auth.permission", "pk": 12, "fields": {"name": "Can view group", "content_type": 3, "codename": "view_group"}}, {"model": "auth.permission", "pk": 13, "fields": {"name": "Can add content type", "content_type": 4, "codename": "add_contenttype"}}, {"model": "auth.permission", "pk": 14, "fields": {"name": "Can change content type", "content_type": 4, "codename": "change_contenttype"}}, {"model": "auth.permission", "pk": 15, "fields": {"name": "Can delete content type", "content_type": 4, "codename": "delete_contenttype"}}, {"model": "auth.permission", "pk": 16, "fields": {"name": "Can view content type", "content_type": 4, "codename": "view_contenttype"}}, {"model": "auth.permission", "pk": 17, "fields": {"name": "Can add session", "content_type": 5, "codename": "add_session"}}, {"model": "auth.permission", "pk": 18, "fields": {"name": "Can change session", "content_type": 5, "codename": "change_session"}}, {"model": "auth.permission", "pk": 19, "fields": {"name": "Can delete session", "content_type": 5, "codename": "delete_session"}}, {"model": "auth.permission", "pk": 20, "fields": {"name": "Can view session", "content_type": 5, "codename": "view_session"}}, {"model": "auth.permission", "pk": 21, "fields": {"name": "Can add cuestionario", "content_type": 6, "codename": "add_cuestionario"}}, {"model": "auth.permission", "pk": 22, "fields": {"name": "Can change cuestionario", "content_type": 6, "codename": "change_cuestionario"}}, {"model": "auth.permission", "pk": 23, "fields": {"name": "Can delete cuestionario", "content_type": 6, "codename": "delete_cuestionario"}}, {"model": "auth.permission", "pk": 24, "fields": {"name": "Can view cuestionario", "content_type": 6, "codename": "view_cuestionario"}}, {"model": "auth.permission", "pk": 25, "fields": {"name": "Can add opcion pregunta", "content_type": 7, "codename": "add_opcionpregunta"}}, {"model": "auth.permission", "pk": 26, "fields": {"name": "Can change opcion pregunta", "content_type": 7, "codename": "change_opcionpregunta"}}, {"model": "auth.permission", "pk": 27, "fields": {"name": "Can delete opcion pregunta", "content_type": 7, "codename": "delete_opcionpregunta"}}, {"model": "auth.permission", "pk": 28, "fields": {"name": "Can view opcion pregunta", "content_type": 7, "codename": "view_opcionpregunta"}}, {"model": "auth.permission", "pk": 29, "fields": {"name": "Can add pregunta", "content_type": 8, "codename": "add_pregunta"}}, {"model": "auth.permission", "pk": 30, "fields": {"name": "Can change pregunta", "content_type": 8, "codename": "change_pregunta"}}, {"model": "auth.permission", "pk": 31, "fields": {"name": "Can delete pregunta", "content_type": 8, "codename": "delete_pregunta"}}, {"model": "auth.permission", "pk": 32, "fields": {"name": "Can view pregunta", "content_type": 8, "codename": "view_pregunta"}}, {"model": "auth.permission", "pk": 33, "fields": {"name": "Can add solucion", "content_type": 9, "codename": "add_solucion"}}, {"model": "auth.permission", "pk": 34, "fields": {"name": "Can change solucion", "content_type": 9, "codename": "change_solucion"}}, {"model": "auth.permission", "pk": 35, "fields": {"name": "Can delete solucion", "content_type": 9, "codename": "delete_solucion"}}, {"model": "auth.permission", "pk": 36, "fields": {"name": "Can view solucion", "content_type": 9, "codename": "view_solucion"}}, {"model": "auth.permission", "pk": 37, "fields": {"name": "Can add solucion pregunta", "content_type": 10, "codename": "add_solucionpregunta"}}, {"model": "auth.permission", "pk": 38, "fields": {"name": "Can change solucion pregunta", "content_type": 10, "codename": "change_solucionpregunta"}}, {"model": "auth.permission", "pk": 39, "fields": {"name": "Can delete solucion pregunta", "content_type": 10, "codename": "delete_solucionpregunta"}}, {"model": "auth.permission", "pk": 40, "fields": {"name": "Can view solucion pregunta", "content_type": 10, "codename": "view_solucionpregunta"}}, {"model": "auth.permission", "pk": 41, "fields": {"name": "Can add alumno inscripcion curso", "content_type": 11, "codename": "add_alumnoinscripcioncurso"}}, {"model": "auth.permission", "pk": 42, "fields": {"name": "Can change alumno inscripcion curso", "content_type": 11, "codename": "change_alumnoinscripcioncurso"}}, {"model": "auth.permission", "pk": 43, "fields": {"name": "Can delete alumno inscripcion curso", "content_type": 11, "codename": "delete_alumnoinscripcioncurso"}}, {"model": "auth.permission", "pk": 44, "fields": {"name": "Can view alumno inscripcion curso", "content_type": 11, "codename": "view_alumnoinscripcioncurso"}}, {"model": "auth.permission", "pk": 45, "fields": {"name": "Can add curso", "content_type": 12, "codename": "add_curso"}}, {"model": "auth.permission", "pk": 46, "fields": {"name": "Can change curso", "content_type": 12, "codename": "change_curso"}}, {"model": "auth.permission", "pk": 47, "fields": {"name": "Can delete curso", "content_type": 12, "codename": "delete_curso"}}, {"model": "auth.permission", "pk": 48, "fields": {"name": "Can view curso", "content_type": 12, "codename": "view_curso"}}, {"model": "auth.permission", "pk": 49, "fields": {"name": "Can add grado", "content_type": 13, "codename": "add_grado"}}, {"model": "auth.permission", "pk": 50, "fields": {"name": "Can change grado", "content_type": 13, "codename": "change_grado"}}, {"model": "auth.permission", "pk": 51, "fields": {"name": "Can delete grado", "content_type": 13, "codename": "delete_grado"}}, {"model": "auth.permission", "pk": 52, "fields": {"name": "Can view grado", "content_type": 13, "codename": "view_grado"}}, {"model": "auth.permission", "pk": 53, "fields": {"name": "Can add nivel", "content_type": 14, "codename": "add_nivel"}}, {"model": "auth.permission", "pk": 54, "fields": {"name": "Can change nivel", "content_type": 14, "codename": "change_nivel"}}, {"model": "auth.permission", "pk": 55, "fields": {"name": "Can delete nivel", "content_type": 14, "codename": "delete_nivel"}}, {"model": "auth.permission", "pk": 56, "fields": {"name": "Can view nivel", "content_type": 14, "codename": "view_nivel"}}, {"model": "auth.permission", "pk": 57, "fields": {"name": "Can add tipo curso", "content_type": 15, "codename": "add_tipocurso"}}, {"model": "auth.permission", "pk": 58, "fields": {"name": "Can change tipo curso", "content_type": 15, "codename": "change_tipocurso"}}, {"model": "auth.permission", "pk": 59, "fields": {"name": "Can delete tipo curso", "content_type": 15, "codename": "delete_tipocurso"}}, {"model": "auth.permission", "pk": 60, "fields": {"name": "Can view tipo curso", "content_type": 15, "codename": "view_tipocurso"}}, {"model": "auth.permission", "pk": 61, "fields": {"name": "Can add alumno", "content_type": 16, "codename": "add_alumno"}}, {"model": "auth.permission", "pk": 62, "fields": {"name": "Can change alumno", "content_type": 16, "codename": "change_alumno"}}, {"model": "auth.permission", "pk": 63, "fields": {"name": "Can delete alumno", "content_type": 16, "codename": "delete_alumno"}}, {"model": "auth.permission", "pk": 64, "fields": {"name": "Can view alumno", "content_type": 16, "codename": "view_alumno"}}, {"model": "auth.permission", "pk": 65, "fields": {"name": "Can add institucion", "content_type": 17, "codename": "add_institucion"}}, {"model": "auth.permission", "pk": 66, "fields": {"name": "Can change institucion", "content_type": 17, "codename": "change_institucion"}}, {"model": "auth.permission", "pk": 67, "fields": {"name": "Can delete institucion", "content_type": 17, "codename": "delete_institucion"}}, {"model": "auth.permission", "pk": 68, "fields": {"name": "Can view institucion", "content_type": 17, "codename": "view_institucion"}}, {"model": "auth.permission", "pk": 69, "fields": {"name": "Can add docente", "content_type": 18, "codename": "add_docente"}}, {"model": "auth.permission", "pk": 70, "fields": {"name": "Can change docente", "content_type": 18, "codename": "change_docente"}}, {"model": "auth.permission", "pk": 71, "fields": {"name": "Can delete docente", "content_type": 18, "codename": "delete_docente"}}, {"model": "auth.permission", "pk": 72, "fields": {"name": "Can view docente", "content_type": 18, "codename": "view_docente"}}, {"model": "auth.permission", "pk": 73, "fields": {"name": "Can add juego", "content_type": 19, "codename": "add_juego"}}, {"model": "auth.permission", "pk": 74, "fields": {"name": "Can change juego", "content_type": 19, "codename": "change_juego"}}, {"model": "auth.permission", "pk": 75, "fields": {"name": "Can delete juego", "content_type": 19, "codename": "delete_juego"}}, {"model": "auth.permission", "pk": 76, "fields": {"name": "Can view juego", "content_type": 19, "codename": "view_juego"}}, {"model": "auth.permission", "pk": 77, "fields": {"name": "Can add miembro proyecto", "content_type": 20, "codename": "add_miembroproyecto"}}, {"model": "auth.permission", "pk": 78, "fields": {"name": "Can change miembro proyecto", "content_type": 20, "codename": "change_miembroproyecto"}}, {"model": "auth.permission", "pk": 79, "fields": {"name": "Can delete miembro proyecto", "content_type": 20, "codename": "delete_miembroproyecto"}}, {"model": "auth.permission", "pk": 80, "fields": {"name": "Can view miembro proyecto", "content_type": 20, "codename": "view_miembroproyecto"}}, {"model": "auth.permission", "pk": 81, "fields": {"name": "Can add patrocinador", "content_type": 21, "codename": "add_patrocinador"}}, {"model": "auth.permission", "pk": 82, "fields": {"name": "Can change patrocinador", "content_type": 21, "codename": "change_patrocinador"}}, {"model": "auth.permission", "pk": 83, "fields": {"name": "Can delete patrocinador", "content_type": 21, "codename": "delete_patrocinador"}}, {"model": "auth.permission", "pk": 84, "fields": {"name": "Can view patrocinador", "content_type": 21, "codename": "view_patrocinador"}}, {"model": "auth.permission", "pk": 85, "fields": {"name": "Can add tipo juego", "content_type": 22, "codename": "add_tipojuego"}}, {"model": "auth.permission", "pk": 86, "fields": {"name": "Can change tipo juego", "content_type": 22, "codename": "change_tipojuego"}}, {"model": "auth.permission", "pk": 87, "fields": {"name": "Can delete tipo juego", "content_type": 22, "codename": "delete_tipojuego"}}, {"model": "auth.permission", "pk": 88, "fields": {"name": "Can view tipo juego", "content_type": 22, "codename": "view_tipojuego"}}, {"model": "auth.permission", "pk": 89, "fields": {"name": "Can add recurso", "content_type": 23, "codename": "add_recurso"}}, {"model": "auth.permission", "pk": 90, "fields": {"name": "Can change recurso", "content_type": 23, "codename": "change_recurso"}}, {"model": "auth.permission", "pk": 91, "fields": {"name": "Can delete recurso", "content_type": 23, "codename": "delete_recurso"}}, {"model": "auth.permission", "pk": 92, "fields": {"name": "Can view recurso", "content_type": 23, "codename": "view_recurso"}}, {"model": "auth.permission", "pk": 93, "fields": {"name": "Can add opcion juego", "content_type": 24, "codename": "add_opcionjuego"}}, {"model": "auth.permission", "pk": 94, "fields": {"name": "Can change opcion juego", "content_type": 24, "codename": "change_opcionjuego"}}, {"model": "auth.permission", "pk": 95, "fields": {"name": "Can delete opcion juego", "content_type": 24, "codename": "delete_opcionjuego"}}, {"model": "auth.permission", "pk": 96, "fields": {"name": "Can view opcion juego", "content_type": 24, "codename": "view_opcionjuego"}}, {"model": "auth.permission", "pk": 97, "fields": {"name": "Can add Usuario", "content_type": 25, "codename": "add_user"}}, {"model": "auth.permission", "pk": 98, "fields": {"name": "Can change Usuario", "content_type": 25, "codename": "change_user"}}, {"model": "auth.permission", "pk": 99, "fields": {"name": "Can delete Usuario", "content_type": 25, "codename": "delete_user"}}, {"model": "auth.permission", "pk": 100, "fields": {"name": "Can view Usuario", "content_type": 25, "codename": "view_user"}}, {"model": "auth.permission", "pk": 101, "fields": {"name": "Can add Token", "content_type": 26, "codename": "add_token"}}, {"model": "auth.permission", "pk": 102, "fields": {"name": "Can change Token", "content_type": 26, "codename": "change_token"}}, {"model": "auth.permission", "pk": 103, "fields": {"name": "Can delete Token", "content_type": 26, "codename": "delete_token"}}, {"model": "auth.permission", "pk": 104, "fields": {"name": "Can view Token", "content_type": 26, "codename": "view_token"}}, {"model": "auth.permission", "pk": 105, "fields": {"name": "Can add token", "content_type": 27, "codename": "add_tokenproxy"}}, {"model": "auth.permission", "pk": 106, "fields": {"name": "Can change token", "content_type": 27, "codename": "change_tokenproxy"}}, {"model": "auth.permission", "pk": 107, "fields": {"name": "Can delete token", "content_type": 27, "codename": "delete_tokenproxy"}}, {"model": "auth.permission", "pk": 108, "fields": {"name": "Can view token", "content_type": 27, "codename": "view_tokenproxy"}}, {"model": "auth.group", "pk": 1, "fields": {"name": "Administrador del sistema", "permissions": [1, 2, 3, 4, 9, 10, 11, 12, 5, 6, 7, 8, 13, 14, 15, 16, 21, 22, 23, 24, 25, 26, 27, 28, 29, 30, 31, 32, 33, 34, 35, 36, 37, 38, 39, 40, 41, 42, 43, 44, 45, 46, 47, 48, 49, 50, 51, 52, 53, 54, 55, 56, 57, 58, 59, 60, 61, 62, 63, 64, 69, 70, 71, 72, 65, 66, 67, 68, 73, 74, 75, 76, 77, 78, 79, 80, 81, 82, 83, 84, 89, 90, 91, 92, 85, 86, 87, 88, 17, 18, 19, 20]}}, {"model": "auth.group", "pk": 2, "fields": {"name": "Docente", "permissions": []}}, {"model": "auth.group", "pk": 3, "fields": {"name": "Administrador de Recursos", "permissions": []}}, {"model": "auth.group", "pk": 4, "fields": {"name": "Alumno", "permissions": []}}, {"model": "contenttypes.contenttype", "pk": 1, "fields": {"app_label": "admin", "model": "logentry"}}, {"model": "contenttypes.contenttype", "pk": 2, "fields": {"app_label": "auth", "model": "permission"}}, {"model": "contenttypes.contenttype", "pk": 3, "fields": {"app_label": "auth", "model": "group"}}, {"model": "contenttypes.contenttype", "pk": 4, "fields": {"app_label": "contenttypes", "model": "contenttype"}}, {"model": "contenttypes.contenttype", "pk": 5, "fields": {"app_label": "sessions", "model": "session"}}, {"model": "contenttypes.contenttype", "pk": 6, "fields": {"app_label": "cuestionarios", "model": "cuestionario"}}, {"model": "contenttypes.contenttype", "pk": 7, "fields": {"app_label": "cuestionarios", "model": "opcionpregunta"}}, {"model": "contenttypes.contenttype", "pk": 8, "fields": {"app_label": "cuestionarios", "model": "pregunta"}}, {"model": "contenttypes.contenttype", "pk": 9, "fields": {"app_label": "cuestionarios", "model": "solucion"}}, {"model": "contenttypes.contenttype", "pk": 10, "fields": {"app_label": "cuestionarios", "model": "solucionpregunta"}}, {"model": "contenttypes.contenttype", "pk": 11, "fields": {"app_label": "cursos", "model": "alumnoinscripcioncurso"}}, {"model": "contenttypes.contenttype", "pk": 12, "fields": {"app_label": "cursos", "model": "curso"}}, {"model": "contenttypes.contenttype", "pk": 13, "fields": {"app_label": "cursos", "model": "grado"}}, {"model": "contenttypes.contenttype", "pk": 14, "fields": {"app_label": "cursos", "model": "nivel"}}, {"model": "contenttypes.contenttype", "pk": 15, "fields": {"app_label": "cursos", "model": "tipocurso"}}, {"model": "contenttypes.contenttype", "pk": 16, "fields": {"app_label": "institucion", "model": "alumno"}}, {"model": "contenttypes.contenttype", "pk": 17, "fields": {"app_label": "institucion", "model": "institucion"}}, {"model": "contenttypes.contenttype", "pk": 18, "fields": {"app_label": "institucion", "model": "docente"}}, {"model": "contenttypes.contenttype", "pk": 19, "fields": {"app_label": "recursos", "model": "juego"}}, {"model": "contenttypes.contenttype", "pk": 20, "fields": {"app_label": "recursos", "model": "miembroproyecto"}}, {"model": "contenttypes.contenttype", "pk": 21, "fields": {"app_label": "recursos", "model": "patrocinador"}}, {"model": "contenttypes.contenttype", "pk": 22, "fields": {"app_label": "recursos", "model": "tipojuego"}}, {"model": "contenttypes.contenttype", "pk": 23, "fields": {"app_label": "recursos", "model": "recurso"}}, {"model": "contenttypes.contenttype", "pk": 24, "fields": {"app_label": "recursos", "model": "opcionjuego"}}, {"model": "contenttypes.contenttype", "pk": 25, "fields": {"app_label": "seguridad", "model": "user"}}, {"model": "contenttypes.contenttype", "pk": 26, "fields": {"app_label": "authtoken", "model": "token"}}, {"model": "contenttypes.contenttype", "pk": 27, "fields": {"app_label": "authtoken", "model": "tokenproxy"}}, {"model": "sessions.session", "pk": "7t4b2fedfic41yg2i7xg3m8vhpi21g6m", "fields": {"session_data": ".eJxVjEEOwiAQRe_C2pAOjAy6dN8zEGBAqgaS0q6Md7dNutDtf-_9t3B-XYpbe5rdxOIqQJx-t-DjM9Ud8MPXe5Ox1WWegtwVedAux8bpdTvcv4Pie9lqxWAGy6ASKjAXNVgwGoEjZSAdCG1iYo75rNEbzmiZtKLNxkikUHy-t5g26A:1prfrk:58j_qRW2uDxwy8D5f6UB6opbVAd2Sl0oTWce0doRodM", "expire_date": "2023-05-10T14:11:28.335Z"}}, {"model": "sessions.session", "pk": "b5dhr7ifx9ammifss59laoz3o66ctp3l", "fields": {"session_data": ".eJxVjEEOwiAQRe_C2pAOjAy6dN8zEGBAqgaS0q6Md7dNutDtf-_9t3B-XYpbe5rdxOIqQJx-t-DjM9Ud8MPXe5Ox1WWegtwVedAux8bpdTvcv4Pie9lqxWAGy6ASKjAXNVgwGoEjZSAdCG1iYo75rNEbzmiZtKLNxkikUHy-t5g26A:1pvs2M:ltKJbgLezGnc-zafyxKMpVbMIRk898l3MMpfL7sE5Ws", "expire_date": "2023-05-22T03:59:46.442Z"}}, {"model": "sessions.session", "pk": "s0r1b8pe2yuptkr8epq72duzundi80hp", "fields": {"session_data": ".eJxVjEEOwiAQRe_C2pAOjAy6dN8zEGBAqgaS0q6Md7dNutDtf-_9t3B-XYpbe5rdxOIqQJx-t-DjM9Ud8MPXe5Ox1WWegtwVedAux8bpdTvcv4Pie9lqxWAGy6ASKjAXNVgwGoEjZSAdCG1iYo75rNEbzmiZtKLNxkikUHy-t5g26A:1pqlAb:qimP1DTT3nuO0kpDajERFZJi5bODsc3kO3mVNHyGd9E", "expire_date": "2023-05-08T01:39:09.771Z"}}, {"model": "sessions.session", "pk": "ths7awtlkx0gmj73ciqsg3h7y0lvudi7", "fields": {"session_data": ".eJxVjEEOwiAQRe_C2pAOjAy6dN8zEGBAqgaS0q6Md7dNutDtf-_9t3B-XYpbe5rdxOIqQJx-t-DjM9Ud8MPXe5Ox1WWegtwVedAux8bpdTvcv4Pie9lqxWAGy6ASKjAXNVgwGoEjZSAdCG1iYo75rNEbzmiZtKLNxkikUHy-t5g26A:1pqlD0:DEKg-hu-CJqb-G2f-QxDh7DeShT432K2tcXcQDnhXBE", "expire_date": "2023-05-08T01:41:38.336Z"}}, {"model": "cuestionarios.cuestionario", "pk": 1, "fields": {"creation_date": "2023-04-24T12:16:40.273Z", "update_date": "2023-04-24T12:27:46.853Z", "estate": "A", "nombre": "Sumas y restas", "descripcion": "<p><strong>Queridos Estudiantes:</strong></p><p>A continuación se presentará las siguientes sumas y restas de una cifra pertenecientes a las clases del mes de marzo.</p><p><em>Mucha Suerte…</em></p>", "imagen": "cuestionario_banco/2023/04/23/576f408678a2488b9afcd422b0d568c7.png", "fecha_asignacion": "2023-04-24T13:20:00Z", "fecha_expiracion": "2023-04-24T14:15:00Z", "is_banco": false, "curso": 1}}, {"model": "cuestionarios.cuestionario", "pk": 2, "fields": {"creation_date": "2023-05-01T02:07:27.997Z", "update_date": "2023-05-01T14:40:15.532Z", "estate": "A", "nombre": "Sumas y Restas", "descripcion": "<p><em><strong><u>Cuestionario 1</u></strong></em><strong><u>:</u></strong></p><p>Las sumas y restas de una sola cifra</p><ol><li><p>lee con atención las preguntas</p></li><li><p>Piensa y responde</p></li><li><p>Envia tu cuestionario.</p><p style=\"text-align:center\"></p></li></ol><p style=\"text-align:center\"><span style=\"color:#0e8a16;\"><span style=\"background-color:#fef2c0;\">Mucha Suerte</span></span></p>", "imagen": "cuestionario_banco/2023/04/23/ae10f343ed494c47a815749279687eef.png", "fecha_asignacion": "2023-05-01T13:00:00Z", "fecha_expiracion": "2023-05-01T15:00:00Z", "is_banco": false, "curso": 2}}, {"model": "cuestionarios.cuestionario", "pk": 3, "fields": {"creation_date": "2023-05-08T03:56:37.518Z", "update_date": "2023-05-09T02:32:22.992Z", "estate": "A", "nombre": "Leemos juntos", "descripcion": "<p>Lee y resuelve</p><p><img src=\"https://encrypted-tbn0.gstatic.com/images?q=tbn:ANd9GcTHva8T2ylf00fx8zwa8GNCx-E04jHfZGb7bB6FDYU51gnQNZcFW2q40OIaJkzNB49S-j0&amp;usqp=CAU\" alt=\"asda\" title=\"asd\"></p>", "imagen": "cuestionario_banco/2023/04/23/cf85ca60b9a74d8fb71b4a05575bdf7f.jpg", "fecha_asignacion": "2023-05-09T15:55:00Z", "fecha_expiracion": "2023-05-09T16:55:00Z", "is_banco": false, "curso": 1}}, {"model": "cuestionarios.pregunta", "pk": 1, "fields": {"creation_date": "2023-04-24T12:18:05.199Z", "update_date": "2023-04-24T12:20:57.216Z", "estate": "A", "texto": "4+5", "tipo": "O", "imagen": "", "intentos_disponibles": 1, "puntaje_asignado": "2.00", "nombre": "O", "is_banco": false, "cuestionario": 1}}, {"model": "cuestionarios.pregunta", "pk": 2, "fields": {"creation_date": "2023-04-24T12:19:09.850Z", "update_date": "2023-04-24T12:21:19.232Z", "estate": "A", "texto": "Pepito tiene 3 manzanas pero a la hora de almuerzo se comió 2, ¿Cuántas manzanas le quedan a Pepito?", "tipo": "R", "imagen": "", "intentos_disponibles": 1, "puntaje_asignado": "3.00", "nombre": "R", "is_banco": false, "cuestionario": 1}}, {"model": "cuestionarios.pregunta", "pk": 3, "fields": {"creation_date": "2023-04-24T12:19:43.020Z", "update_date": "2023-04-24T12:21:12.075Z", "estate": "A", "texto": "La suma de 4 + 3 es:", "tipo": "O", "imagen": "", "intentos_disponibles": 1, "puntaje_asignado": "2.00", "nombre": "O", "is_banco": false, "cuestionario": 1}}, {"model": "cuestionarios.pregunta", "pk": 4, "fields": {"creation_date": "2023-04-24T12:20:35.035Z", "update_date": "2023-04-24T12:20:35.035Z", "estate": "A", "texto": "Tengo 7 lapiceros pero se me perdieron 2. ¿Cuántos lapiceros me quedan?", "tipo": "O", "imagen": "", "intentos_disponibles": 1, "puntaje_asignado": "2.00", "nombre": null, "is_banco": false, "cuestionario": 1}}, {"model": "cuestionarios.pregunta", "pk": 5, "fields": {"creation_date": "2023-04-24T12:21:39.194Z", "update_date": "2023-04-24T12:21:39.194Z", "estate": "A", "texto": "2 + 2", "tipo": "O", "imagen": "", "intentos_disponibles": 1, "puntaje_asignado": "1.00", "nombre": null, "is_banco": false, "cuestionario": 1}}, {"model": "cuestionarios.pregunta", "pk": 6, "fields": {"creation_date": "2023-05-01T02:09:35.591Z", "update_date": "2023-05-01T02:11:12.642Z", "estate": "A", "texto": "El papá de Pedro tiene 4 vacas y su madre tiene 2. ¿Cuántas vacas tienen en total los papás de Pedro?", "tipo": "R", "imagen": "pregunta/2023/04/23/441e9d929dfd4f058d9a365ff222396f.png", "intentos_disponibles": 1, "puntaje_asignado": "4.00", "nombre": "R", "is_banco": false, "cuestionario": 2}}, {"model": "cuestionarios.pregunta", "pk": 7, "fields": {"creation_date": "2023-05-01T02:10:13.687Z", "update_date": "2023-05-01T02:10:13.687Z", "estate": "A", "texto": "3 + 5", "tipo": "O", "imagen": "", "intentos_disponibles": 1, "puntaje_asignado": "3.00", "nombre": null, "is_banco": false, "cuestionario": 2}}, {"model": "cuestionarios.pregunta", "pk": 8, "fields": {"creation_date": "2023-05-01T02:10:26.718Z", "update_date": "2023-05-01T02:11:05.809Z", "estate": "A", "texto": "2+2", "tipo": "R", "imagen": "", "intentos_disponibles": 1, "puntaje_asignado": "2.00", "nombre": "R", "is_banco": false, "cuestionario": 2}}, {"model": "cuestionarios.pregunta", "pk": 9, "fields": {"creation_date": "2023-05-01T02:10:45.668Z", "update_date": "2023-05-01T02:10:59.048Z", "estate": "A", "texto": "3+4", "tipo": "O", "imagen": "", "intentos_disponibles": 1, "puntaje_asignado": "3.00", "nombre": "O", "is_banco": false, "cuestionario": 2}}, {"model": "cuestionarios.pregunta", "pk": 10, "fields": {"creation_date": "2023-05-01T02:11:24.527Z", "update_date": "2023-05-01T02:11:24.527Z", "estate": "A", "texto": "2 + 8", "tipo": "R", "imagen": "", "intentos_disponibles": 1, "puntaje_asignado": "3.00", "nombre": null, "is_banco": false, "cuestionario": 2}}, {"model": "cuestionarios.pregunta", "pk": 11, "fields": {"creation_date": "2023-05-01T02:11:33.264Z", "update_date": "2023-05-01T02:11:33.264Z", "estate": "A", "texto": "1+6", "tipo": "R", "imagen": "", "intentos_disponibles": 1, "puntaje_asignado": "2.00", "nombre": null, "is_banco": false, "cuestionario": 2}}, {"model": "cuestionarios.pregunta", "pk": 12, "fields": {"creation_date": "2023-05-01T02:11:52.004Z", "update_date": "2023-05-01T02:11:52.004Z", "estate": "A", "texto": "4 + 2", "tipo": "O", "imagen": "", "intentos_disponibles": 1, "puntaje_asignado": "3.00", "nombre": null, "is_banco": false, "cuestionario": 2}}, {"model": "cuestionarios.pregunta", "pk": 13, "fields": {"creation_date": "2023-05-08T03:59:04.812Z", "update_date": "2023-05-08T03:59:04.812Z", "estate": "A", "texto": "¿Por qué los virus no son seres vivos?", "tipo": "O", "imagen": "", "intentos_disponibles": 2, "puntaje_asignado": "2.00", "nombre": null, "is_banco": false, "cuestionario": 3}}, {"model": "cuestionarios.opcionpregunta", "pk": 1, "fields": {"creation_date": "2023-04-24T12:18:05.202Z", "update_date": "2023-04-24T12:20:57.223Z", "estate": "A", "texto": "6", "correcta": "I", "pregunta": 1}}, {"model": "cuestionarios.opcionpregunta", "pk": 2, "fields": {"creation_date": "2023-04-24T12:18:05.205Z", "update_date": "2023-04-24T12:20:57.227Z", "estate": "A", "texto": "7", "correcta": "I", "pregunta": 1}}, {"model": "cuestionarios.opcionpregunta", "pk": 3, "fields": {"creation_date": "2023-04-24T12:18:05.206Z", "update_date": "2023-04-24T12:20:57.231Z", "estate": "A", "texto": "8", "correcta": "I", "pregunta": 1}}, {"model": "cuestionarios.opcionpregunta", "pk": 4, "fields": {"creation_date": "2023-04-24T12:18:05.208Z", "update_date": "2023-04-24T12:20:57.235Z", "estate": "A", "texto": "9", "correcta": "C", "pregunta": 1}}, {"model": "cuestionarios.opcionpregunta", "pk": 5, "fields": {"creation_date": "2023-04-24T12:19:43.023Z", "update_date": "2023-04-24T12:21:12.082Z", "estate": "A", "texto": "6", "correcta": "I", "pregunta": 3}}, {"model": "cuestionarios.opcionpregunta", "pk": 6, "fields": {"creation_date": "2023-04-24T12:19:43.024Z", "update_date": "2023-04-24T12:21:12.085Z", "estate": "A", "texto": "7", "correcta": "C", "pregunta": 3}}, {"model": "cuestionarios.opcionpregunta", "pk": 7, "fields": {"creation_date": "2023-04-24T12:19:43.026Z", "update_date": "2023-04-24T12:21:12.088Z", "estate": "A", "texto": "8", "correcta": "I", "pregunta": 3}}, {"model": "cuestionarios.opcionpregunta", "pk": 8, "fields": {"creation_date": "2023-04-24T12:19:43.027Z", "update_date": "2023-04-24T12:21:12.090Z", "estate": "A", "texto": "9", "correcta": "I", "pregunta": 3}}, {"model": "cuestionarios.opcionpregunta", "pk": 9, "fields": {"creation_date": "2023-04-24T12:19:43.029Z", "update_date": "2023-04-24T12:21:12.092Z", "estate": "A", "texto": "10", "correcta": "I", "pregunta": 3}}, {"model": "cuestionarios.opcionpregunta", "pk": 10, "fields": {"creation_date": "2023-04-24T12:20:35.036Z", "update_date": "2023-04-24T12:20:35.036Z", "estate": "A", "texto": "5", "correcta": "C", "pregunta": 4}}, {"model": "cuestionarios.opcionpregunta", "pk": 11, "fields": {"creation_date": "2023-04-24T12:20:35.037Z", "update_date": "2023-04-24T12:20:35.037Z", "estate": "A", "texto": "6", "correcta": "I", "pregunta": 4}}, {"model": "cuestionarios.opcionpregunta", "pk": 12, "fields": {"creation_date": "2023-04-24T12:20:35.039Z", "update_date": "2023-04-24T12:20:35.039Z", "estate": "A", "texto": "7", "correcta": "I", "pregunta": 4}}, {"model": "cuestionarios.opcionpregunta", "pk": 13, "fields": {"creation_date": "2023-04-24T12:21:39.197Z", "update_date": "2023-04-24T12:21:39.197Z", "estate": "A", "texto": "3", "correcta": "I", "pregunta": 5}}, {"model": "cuestionarios.opcionpregunta", "pk": 14, "fields": {"creation_date": "2023-04-24T12:21:39.199Z", "update_date": "2023-04-24T12:21:39.199Z", "estate": "A", "texto": "4", "correcta": "C", "pregunta": 5}}, {"model": "cuestionarios.opcionpregunta", "pk": 15, "fields": {"creation_date": "2023-04-24T12:21:39.200Z", "update_date": "2023-04-24T12:21:39.200Z", "estate": "A", "texto": "5", "correcta": "I", "pregunta": 5}}, {"model": "cuestionarios.opcionpregunta", "pk": 16, "fields": {"creation_date": "2023-04-24T12:21:39.202Z", "update_date": "2023-04-24T12:21:39.202Z", "estate": "A", "texto": "6", "correcta": "I", "pregunta": 5}}, {"model": "cuestionarios.opcionpregunta", "pk": 17, "fields": {"creation_date": "2023-05-01T02:10:13.688Z", "update_date": "2023-05-01T02:10:13.688Z", "estate": "A", "texto": "5", "correcta": "I", "pregunta": 7}}, {"model": "cuestionarios.opcionpregunta", "pk": 18, "fields": {"creation_date": "2023-05-01T02:10:13.690Z", "update_date": "2023-05-01T02:10:13.690Z", "estate": "A", "texto": "6", "correcta": "I", "pregunta": 7}}, {"model": "cuestionarios.opcionpregunta", "pk": 19, "fields": {"creation_date": "2023-05-01T02:10:13.691Z", "update_date": "2023-05-01T02:10:13.691Z", "estate": "A", "texto": "7", "correcta": "I", "pregunta": 7}}, {"model": "cuestionarios.opcionpregunta", "pk": 20, "fields": {"creation_date": "2023-05-01T02:10:13.693Z", "update_date": "2023-05-01T02:10:13.693Z", "estate": "A", "texto": "8", "correcta": "C", "pregunta": 7}}, {"model": "cuestionarios.opcionpregunta", "pk": 21, "fields": {"creation_date": "2023-05-01T02:10:45.671Z", "update_date": "2023-05-01T02:10:59.051Z", "estate": "A", "texto": "6", "correcta": "I", "pregunta": 9}}, {"model": "cuestionarios.opcionpregunta", "pk": 22, "fields": {"creation_date": "2023-05-01T02:10:45.673Z", "update_date": "2023-05-01T02:10:59.053Z", "estate": "A", "texto": "7", "correcta": "C", "pregunta": 9}}, {"model": "cuestionarios.opcionpregunta", "pk": 23, "fields": {"creation_date": "2023-05-01T02:10:45.674Z", "update_date": "2023-05-01T02:10:59.056Z", "estate": "A", "texto": "8", "correcta": "I", "pregunta": 9}}, {"model": "cuestionarios.opcionpregunta", "pk": 24, "fields": {"creation_date": "2023-05-01T02:11:52.007Z", "update_date": "2023-05-01T02:11:52.007Z", "estate": "A", "texto": "6", "correcta": "C", "pregunta": 12}}, {"model": "cuestionarios.opcionpregunta", "pk": 25, "fields": {"creation_date": "2023-05-01T02:11:52.010Z", "update_date": "2023-05-01T02:11:52.010Z", "estate": "A", "texto": "7", "correcta": "I", "pregunta": 12}}, {"model": "cuestionarios.opcionpregunta", "pk": 26, "fields": {"creation_date": "2023-05-01T02:11:52.012Z", "update_date": "2023-05-01T02:11:52.012Z", "estate": "A", "texto": "8", "correcta": "I", "pregunta": 12}}, {"model": "cuestionarios.opcionpregunta", "pk": 27, "fields": {"creation_date": "2023-05-08T03:59:04.816Z", "update_date": "2023-05-08T03:59:04.816Z", "estate": "A", "texto": "Porque no tienen vida", "correcta": "I", "pregunta": 13}}, {"model": "cuestionarios.opcionpregunta", "pk": 28, "fields": {"creation_date": "2023-05-08T03:59:04.819Z", "update_date": "2023-05-08T03:59:04.819Z", "estate": "A", "texto": "Porque no nacen", "correcta": "I", "pregunta": 13}}, {"model": "cuestionarios.opcionpregunta", "pk": 29, "fields": {"creation_date": "2023-05-08T03:59:04.820Z", "update_date": "2023-05-08T03:59:04.820Z", "estate": "A", "texto": "Porque no tienen células", "correcta": "C", "pregunta": 13}}, {"model": "cuestionarios.solucion", "pk": 1, "fields": {"creation_date": "2023-04-24T12:25:27.674Z", "update_date": "2023-04-24T12:27:07.077Z", "estate": "A", "fecha_solucion": "2023-04-24T12:25:27.674Z", "fecha_revision": "2023-04-24T12:27:07.060Z", "comentario": "Te falta practicar comprensión de textos para sumar bien", "alumno": 1, "cuestionario": 1}}, {"model": "cuestionarios.solucion", "pk": 3, "fields": {"creation_date": "2023-05-01T14:50:04.662Z", "update_date": "2023-05-01T14:50:57.523Z", "estate": "A", "fecha_solucion": "2023-05-01T14:50:04.662Z", "fecha_revision": "2023-05-01T14:50:57.497Z", "comentario": "Practica mas", "alumno": 1, "cuestionario": 2}}, {"model": "cuestionarios.solucionpregunta", "pk": 1, "fields": {"creation_date": "2023-04-24T12:25:27.677Z", "update_date": "2023-04-24T12:27:07.063Z", "estate": "A", "respuesta": "9", "puntaje_obtenido": "2.00", "intentos_tomados": 1, "comentario": "4+5", "situacion_respuesta": "B", "solucion": 1, "pregunta": 1, "pregunta_opcion": null}}, {"model": "cuestionarios.solucionpregunta", "pk": 2, "fields": {"creation_date": "2023-04-24T12:25:27.679Z", "update_date": "2023-04-24T12:27:07.068Z", "estate": "A", "respuesta": "2", "puntaje_obtenido": "0.00", "intentos_tomados": 1, "comentario": "Pepito tiene 3 manzanas pero a la hora de almuerzo se comió 2, ¿Cuántas manzanas le quedan a Pepito?", "situacion_respuesta": "M", "solucion": 1, "pregunta": 2, "pregunta_opcion": null}}, {"model": "cuestionarios.solucionpregunta", "pk": 3, "fields": {"creation_date": "2023-04-24T12:25:27.680Z", "update_date": "2023-04-24T12:27:07.070Z", "estate": "A", "respuesta": "8", "puntaje_obtenido": "0.00", "intentos_tomados": 1, "comentario": "La suma de 4 + 3 es:", "situacion_respuesta": "M", "solucion": 1, "pregunta": 3, "pregunta_opcion": null}}, {"model": "cuestionarios.solucionpregunta", "pk": 4, "fields": {"creation_date": "2023-04-24T12:25:27.682Z", "update_date": "2023-04-24T12:27:07.072Z", "estate": "A", "respuesta": "5", "puntaje_obtenido": "2.00", "intentos_tomados": 1, "comentario": "Tengo 7 lapiceros pero se me perdieron 2. ¿Cuántos lapiceros me quedan?", "situacion_respuesta": "B", "solucion": 1, "pregunta": 4, "pregunta_opcion": null}}, {"model": "cuestionarios.solucionpregunta", "pk": 5, "fields": {"creation_date": "2023-04-24T12:25:27.683Z", "update_date": "2023-04-24T12:27:07.076Z", "estate": "A", "respuesta": "4", "puntaje_obtenido": "1.00", "intentos_tomados": 1, "comentario": "2 + 2", "situacion_respuesta": "B", "solucion": 1, "pregunta": 5, "pregunta_opcion": null}}, {"model": "cuestionarios.solucionpregunta", "pk": 13, "fields": {"creation_date": "2023-05-01T14:50:04.666Z", "update_date": "2023-05-01T14:50:57.499Z", "estate": "A", "respuesta": "5", "puntaje_obtenido": "0.00", "intentos_tomados": 1, "comentario": "El papá de Pedro tiene 4 vacas y su madre tiene 2. ¿Cuántas vacas tienen en total los papás de Pedro?", "situacion_respuesta": "M", "solucion": 3, "pregunta": 6, "pregunta_opcion": null}}, {"model": "cuestionarios.solucionpregunta", "pk": 14, "fields": {"creation_date": "2023-05-01T14:50:04.669Z", "update_date": "2023-05-01T14:50:57.503Z", "estate": "A", "respuesta": "8", "puntaje_obtenido": "3.00", "intentos_tomados": 1, "comentario": "3 + 5", "situacion_respuesta": "B", "solucion": 3, "pregunta": 7, "pregunta_opcion": null}}, {"model": "cuestionarios.solucionpregunta", "pk": 15, "fields": {"creation_date": "2023-05-01T14:50:04.671Z", "update_date": "2023-05-01T14:50:57.506Z", "estate": "A", "respuesta": "4", "puntaje_obtenido": "2.00", "intentos_tomados": 1, "comentario": "2+2", "situacion_respuesta": "B", "solucion": 3, "pregunta": 8, "pregunta_opcion": null}}, {"model": "cuestionarios.solucionpregunta", "pk": 16, "fields": {"creation_date": "2023-05-01T14:50:04.673Z", "update_date": "2023-05-01T14:50:57.510Z", "estate": "A", "respuesta": "7", "puntaje_obtenido": "3.00", "intentos_tomados": 1, "comentario": "3+4", "situacion_respuesta": "B", "solucion": 3, "pregunta": 9, "pregunta_opcion": null}}, {"model": "cuestionarios.solucionpregunta", "pk": 17, "fields": {"creation_date": "2023-05-01T14:50:04.675Z", "update_date": "2023-05-01T14:50:57.514Z", "estate": "A", "respuesta": "9", "puntaje_obtenido": "0.00", "intentos_tomados": 1, "comentario": "2 + 8", "situacion_respuesta": "M", "solucion": 3, "pregunta": 10, "pregunta_opcion": null}}, {"model": "cuestionarios.solucionpregunta", "pk": 18, "fields": {"creation_date": "2023-05-01T14:50:04.677Z", "update_date": "2023-05-01T14:50:57.519Z", "estate": "A", "respuesta": "7", "puntaje_obtenido": "2.00", "intentos_tomados": 1, "comentario": "1+6", "situacion_respuesta": "B", "solucion": 3, "pregunta": 11, "pregunta_opcion": null}}, {"model": "cuestionarios.solucionpregunta", "pk": 19, "fields": {"creation_date": "2023-05-01T14:50:04.680Z", "update_date": "2023-05-01T14:50:57.522Z", "estate": "A", "respuesta": "6", "puntaje_obtenido": "3.00", "intentos_tomados": 1, "comentario": "4 + 2", "situacion_respuesta": "B", "solucion": 3, "pregunta": 12, "pregunta_opcion": null}}, {"model": "cursos.nivel", "pk": 1, "fields": {"creation_date": "2023-04-24T01:40:19.998Z", "update_date": "2023-04-24T01:40:19.998Z", "estate": "A", "nombre": "Inicial"}}, {"model": "cursos.nivel", "pk": 2, "fields": {"creation_date": "2023-04-24T01:40:19.992Z", "update_date": "2023-04-24T01:40:19.992Z", "estate": "A", "nombre": "Primaria"}}, {"model": "cursos.nivel", "pk": 3, "fields": {"creation_date": "2023-04-24T01:40:19.987Z", "update_date": "2023-04-24T01:40:19.987Z", "estate": "A", "nombre": "Secundaria"}}, {"model": "cursos.grado", "pk": 1, "fields": {"creation_date": "2023-04-24T01:40:34.137Z", "update_date": "2023-04-24T01:40:34.137Z", "estate": "A", "nombre": "4 años", "nivel": 1}}, {"model": "cursos.grado", "pk": 2, "fields": {"creation_date": "2023-04-24T01:40:34.128Z", "update_date": "2023-04-24T01:40:34.128Z", "estate": "A", "nombre": "5 años", "nivel": 1}}, {"model": "cursos.grado", "pk": 3, "fields": {"creation_date": "2023-04-24T01:40:34.119Z", "update_date": "2023-04-24T01:40:34.119Z", "estate": "A", "nombre": "Primer Grado", "nivel": 2}}, {"model": "cursos.grado", "pk": 4, "fields": {"creation_date": "2023-04-24T01:40:34.113Z", "update_date": "2023-04-24T01:40:34.113Z", "estate": "A", "nombre": "Segundo Grado", "nivel": 2}}, {"model": "cursos.grado", "pk": 5, "fields": {"creation_date": "2023-04-24T01:40:34.106Z", "update_date": "2023-04-24T01:40:34.106Z", "estate": "A", "nombre": "Tercer grado", "nivel": 2}}, {"model": "cursos.grado", "pk": 6, "fields": {"creation_date": "2023-04-24T01:40:34.097Z", "update_date": "2023-04-24T01:40:34.097Z", "estate": "A", "nombre": "Cuarto Grado", "nivel": 2}}, {"model": "cursos.grado", "pk": 7, "fields": {"creation_date": "2023-04-24T01:40:34.089Z", "update_date": "2023-04-24T01:40:34.089Z", "estate": "A", "nombre": "Quinto Grado", "nivel": 2}}, {"model": "cursos.grado", "pk": 8, "fields": {"creation_date": "2023-04-24T01:40:34.082Z", "update_date": "2023-04-24T01:40:34.082Z", "estate": "A", "nombre": "Sexto Grado", "nivel": 2}}, {"model": "cursos.grado", "pk": 9, "fields": {"creation_date": "2023-04-24T01:40:34.073Z", "update_date": "2023-04-24T01:40:34.073Z", "estate": "A", "nombre": "Primer Año", "nivel": 3}}, {"model": "cursos.grado", "pk": 10, "fields": {"creation_date": "2023-04-24T01:40:34.064Z", "update_date": "2023-04-24T01:40:34.064Z", "estate": "A", "nombre": "Segundo Año", "nivel": 3}}, {"model": "cursos.grado", "pk": 11, "fields": {"creation_date": "2023-04-24T01:40:34.053Z", "update_date": "2023-04-24T01:40:34.053Z", "estate": "A", "nombre": "Tercer Año", "nivel": 3}}, {"model": "cursos.grado", "pk": 12, "fields": {"creation_date": "2023-04-24T01:40:34.046Z", "update_date": "2023-04-24T01:40:34.046Z", "estate": "A", "nombre": "Cuarto Año", "nivel": 3}}, {"model": "cursos.grado", "pk": 13, "fields": {"creation_date": "2023-04-24T01:40:34.040Z", "update_date": "2023-04-24T01:40:34.040Z", "estate": "A", "nombre": "Quinto Año", "nivel": 3}}, {"model": "cursos.curso", "pk": 1, "fields": {"creation_date": "2023-04-24T12:14:26.044Z", "update_date": "2023-04-24T12:14:26.044Z", "estate": "A", "periodo": 1, "year": 2023, "nombre": "Matematica primer grado", "grado": null, "docente": 1, "institucion": 1, "codigo_inscripcion": "MMGI1"}}, {"model": "cursos.curso", "pk": 2, "fields": {"creation_date": "2023-05-01T02:02:37.264Z", "update_date": "2023-05-01T02:02:37.264Z", "estate": "A", "periodo": 1, "year": 2023, "nombre": "Matemática I de Primer Grado", "grado": null, "docente": 7, "institucion": 2, "codigo_inscripcion": "MMCJ2"}}, {"model": "cursos.alumnoinscripcioncurso", "pk": 1, "fields": {"creation_date": "2023-04-24T12:22:59.791Z", "update_date": "2023-04-24T12:23:29.495Z", "estate": "D", "alumno": 1, "curso": 1}}, {"model": "cursos.alumnoinscripcioncurso", "pk": 3, "fields": {"creation_date": "2023-05-01T14:47:30.109Z", "update_date": "2023-05-01T14:47:51.530Z", "estate": "D", "alumno": 1, "curso": 2}}, {"model": "institucion.institucion", "pk": 1, "fields": {"creation_date": "2023-04-24T01:40:04.126Z", "update_date": "2023-04-24T01:40:04.126Z", "estate": "A", "nombre": "Institución San Martin de Sechura", "direccion": "Sechura - Piura"}}, {"model": "institucion.institucion", "pk": 2, "fields": {"creation_date": "2023-04-24T01:40:04.122Z", "update_date": "2023-04-24T01:40:04.122Z", "estate": "A", "nombre": "Jose Quiñones", "direccion": "Piura"}}, {"model": "institucion.institucion", "pk": 3, "fields": {"creation_date": "2023-04-24T01:40:04.118Z", "update_date": "2023-04-24T01:40:04.118Z", "estate": "A", "nombre": "25716445", "direccion": "Piura"}}, {"model": "institucion.docente", "pk": 1, "fields": {"creation_date": "2023-04-24T01:54:29.567Z", "update_date": "2023-04-24T01:54:29.567Z", "estate": "A", "nombres": "GIOVANNA", "apellido_paterno": "RUMICHE", "apellido_materno": "AYALA", "direccion": "", "tipo_documento": "DNI", "nro_documento": "45007535", "user": 7, "instituciones": [1]}}, {"model": "institucion.docente", "pk": 2, "fields": {"creation_date": "2023-04-24T01:54:29.550Z", "update_date": "2023-04-24T01:54:29.550Z", "estate": "A", "nombres": "Pedro Pablo", "apellido_paterno": "Alvarez", "apellido_materno": "Chapilliquen", "direccion": "", "tipo_documento": "DNI", "nro_documento": "02868923", "user": 6, "instituciones": [1]}}, {"model": "institucion.docente", "pk": 3, "fields": {"creation_date": "2023-04-24T01:54:29.535Z", "update_date": "2023-04-24T01:54:29.535Z", "estate": "A", "nombres": "Jose", "apellido_paterno": "Vasquez", "apellido_materno": "Silva", "direccion": "", "tipo_documento": "DNI", "nro_documento": "09374874", "user": 5, "instituciones": [3]}}, {"model": "institucion.docente", "pk": 4, "fields": {"creation_date": "2023-04-24T01:54:29.518Z", "update_date": "2023-04-24T01:54:29.518Z", "estate": "A", "nombres": "Hellen", "apellido_paterno": "Curay", "apellido_materno": "Mora", "direccion": "", "tipo_documento": "DNI", "nro_documento": "74504436", "user": 4, "instituciones": [1]}}, {"model": "institucion.docente", "pk": 5, "fields": {"creation_date": "2023-04-24T01:54:29.501Z", "update_date": "2023-04-24T01:54:29.501Z", "estate": "A", "nombres": "Javier", "apellido_paterno": "Paz", "apellido_materno": "Bayona", "direccion": "", "tipo_documento": "DNI", "nro_documento": "02851625", "user": 3, "instituciones": [1]}}, {"model": "institucion.docente", "pk": 6, "fields": {"creation_date": "2023-04-24T01:54:29.482Z", "update_date": "2023-04-24T01:54:29.482Z", "estate": "A", "nombres": "Paul", "apellido_paterno": "Alvarado", "apellido_materno": "Cruzado", "direccion": "", "tipo_documento": "DNI", "nro_documento": "73538401", "user": 2, "instituciones": [3]}}, {"model": "institucion.docente", "pk": 7, "fields": {"creation_date": "2023-05-01T01:52:20.531Z", "update_date": "2023-05-01T01:52:20.531Z", "estate": "A", "nombres": "Carlos", "apellido_paterno": "Torres", "apellido_materno": "Lopéz", "direccion": "Piura", "tipo_documento": "DNI", "nro_documento": "10203040", "user": 9, "instituciones": [3, 2, 1]}}, {"model": "institucion.docente", "pk": 8, "fields": {"creation_date": "2023-05-07T13:48:46.391Z", "update_date": "2023-05-07T13:48:46.391Z", "estate": "A", "nombres": "Medardo", "apellido_paterno": "Palacios", "apellido_materno": "Periche", "direccion": "Vice", "tipo_documento": "DNI", "nro_documento": "72973356", "user": 10, "instituciones": [1]}}, {"model": "institucion.alumno", "pk": 1, "fields": {"creation_date": "2023-04-24T12:22:32.537Z", "update_date": "2023-04-24T12:22:32.537Z", "estate": "A", "nro_documento": "15161718", "nombres": "Carlos", "apellido_paterno": "Torres", "apellido_materno": "Agurto", "tipo_documento": "DNI", "user": 8}}, {"model": "institucion.alumno", "pk": 2, "fields": {"creation_date": "2023-05-08T03:52:46.114Z", "update_date": "2023-05-08T03:52:46.114Z", "estate": "A", "nro_documento": "45251254", "nombres": "Julián", "apellido_paterno": "García", "apellido_materno": "Núñez", "tipo_documento": "DNI", "user": 11}}, {"model": "institucion.alumno", "pk": 3, "fields": {"creation_date": "2023-05-09T23:15:16.204Z", "update_date": "2023-05-09T23:15:16.204Z", "estate": "A", "nro_documento": "78320587", "nombres": "XAVI LIONEL", "apellido_paterno": "AMAYA", "apellido_materno": "PERICHE", "tipo_documento": "DNI", "user": 12}}, {"model": "institucion.alumno", "pk": 4, "fields": {"creation_date": "2023-05-09T23:15:55.495Z", "update_date": "2023-05-09T23:15:55.495Z", "estate": "A", "nro_documento": "78251383", "nombres": "SHEYLA NAOMI", "apellido_paterno": "ANCAJIMA", "apellido_materno": "FIESTAS", "tipo_documento": "DNI", "user": 13}}, {"model": "institucion.alumno", "pk": 5, "fields": {"creation_date": "2023-05-09T23:16:28.591Z", "update_date": "2023-05-09T23:16:28.591Z", "estate": "A", "nro_documento": "81105406", "nombres": "ALEJANDRA NOEMI", "apellido_paterno": "ARCELA", "apellido_materno": "ZAPATA", "tipo_documento": "DNI", "user": 14}}, {"model": "institucion.alumno", "pk": 6, "fields": {"creation_date": "2023-05-09T23:16:59.219Z", "update_date": "2023-05-09T23:16:59.219Z", "estate": "A", "nro_documento": "78227572", "nombres": "HESMERALDA MARLENY", "apellido_paterno": "AREVALO", "apellido_materno": "NEYRA", "tipo_documento": "DNI", "user": 15}}, {"model": "institucion.alumno", "pk": 7, "fields": {"creation_date": "2023-05-10T03:10:42.258Z", "update_date": "2023-05-10T03:10:42.258Z", "estate": "A", "nro_documento": "62315507", "nombres": "Cesar david", "apellido_paterno": "Lazo", "apellido_materno": "Carrera", "tipo_documento": "DNI", "user": 16}}, {"model": "institucion.alumno", "pk": 8, "fields": {"creation_date": "2023-05-10T03:12:05.871Z", "update_date": "2023-05-10T03:12:05.871Z", "estate": "A", "nro_documento": "63089531", "nombres": "Joe Aldair", "apellido_paterno": "García", "apellido_materno": "Bancayan", "tipo_documento": "DNI", "user": 17}}, {"model": "institucion.alumno", "pk": 9, "fields": {"creation_date": "2023-05-10T03:15:46.006Z", "update_date": "2023-05-10T03:15:46.006Z", "estate": "A", "nro_documento": "62377826", "nombres": "Luis", "apellido_paterno": "Eche", "apellido_materno": "Herna", "tipo_documento": "DNI", "user": 18}}, {"model": "institucion.alumno", "pk": 10, "fields": {"creation_date": "2023-05-10T03:18:14.796Z", "update_date": "2023-05-10T03:18:14.796Z", "estate": "A", "nro_documento": "61427763", "nombres": "Adner Isaí", "apellido_paterno": "Rumiche", "apellido_materno": "Antón", "tipo_documento": "DNI", "user": 19}}, {"model": "institucion.alumno", "pk": 11, "fields": {"creation_date": "2023-05-10T03:18:55.235Z", "update_date": "2023-05-10T03:18:55.235Z", "estate": "A", "nro_documento": "73727090", "nombres": "Tatiana Rubí", "apellido_paterno": "Antón", "apellido_materno": "Querevalú", "tipo_documento": "DNI", "user": 20}}, {"model": "institucion.alumno", "pk": 12, "fields": {"creation_date": "2023-05-10T03:22:59.910Z", "update_date": "2023-05-10T03:22:59.910Z", "estate": "A", "nro_documento": "60379881", "nombres": "Milagros Elizabeth", "apellido_paterno": "Sánchez", "apellido_materno": "Antón", "tipo_documento": "DNI", "user": 21}}, {"model": "institucion.alumno", "pk": 13, "fields": {"creation_date": "2023-05-10T03:26:33.484Z", "update_date": "2023-05-10T03:26:33.484Z", "estate": "A", "nro_documento": "61958224", "nombres": "Aaron Emanuel", "apellido_paterno": "Eche", "apellido_materno": "Chapilliquen", "tipo_documento": "DNI", "user": 22}}, {"model": "institucion.alumno", "pk": 14, "fields": {"creation_date": "2023-05-10T03:28:03.428Z", "update_date": "2023-05-10T03:28:03.428Z", "estate": "A", "nro_documento": "61521665", "nombres": "Ken Israel", "apellido_paterno": "Fiestas", "apellido_materno": "Santur", "tipo_documento": "DNI", "user": 23}}, {"model": "institucion.alumno", "pk": 15, "fields": {"creation_date": "2023-05-10T03:30:32.842Z", "update_date": "2023-05-10T03:30:32.842Z", "estate": "A", "nro_documento": "90003707", "nombres": "Andrea Del Milagro", "apellido_paterno": "Fiestas", "apellido_materno": "Eche", "tipo_documento": "DNI", "user": 24}}, {"model": "institucion.alumno", "pk": 16, "fields": {"creation_date": "2023-05-10T03:33:54.634Z", "update_date": "2023-05-10T03:33:54.634Z", "estate": "A", "nro_documento": "61821457", "nombres": "Ingrid Pamela", "apellido_paterno": "More", "apellido_materno": "Ipanaque", "tipo_documento": "DNI", "user": 25}}, {"model": "institucion.alumno", "pk": 17, "fields": {"creation_date": "2023-05-10T03:42:29.984Z", "update_date": "2023-05-10T03:42:29.984Z", "estate": "A", "nro_documento": "61821482", "nombres": "Osmar Raúl", "apellido_paterno": "Periche", "apellido_materno": "Querevalu", "tipo_documento": "DNI", "user": 26}}, {"model": "institucion.alumno", "pk": 18, "fields": {"creation_date": "2023-05-10T03:46:35.328Z", "update_date": "2023-05-10T03:46:35.328Z", "estate": "A", "nro_documento": "62377931", "nombres": "Mariela de Guadalupe", "apellido_paterno": "Panta", "apellido_materno": "Periche", "tipo_documento": "DNI", "user": 27}}, {"model": "institucion.alumno", "pk": 19, "fields": {"creation_date": "2023-05-10T03:53:14.610Z", "update_date": "2023-05-10T03:53:14.610Z", "estate": "A", "nro_documento": "62069371", "nombres": "Claudia Fiorella", "apellido_paterno": "Juarez", "apellido_materno": "Chuica", "tipo_documento": "DNI", "user": 28}}, {"model": "institucion.alumno", "pk": 20, "fields": {"creation_date": "2023-05-10T10:50:16.728Z", "update_date": "2023-05-10T10:50:16.729Z", "estate": "A", "nro_documento": "61958279", "nombres": "Jesús David", "apellido_paterno": "Curo", "apellido_materno": "Periche", "tipo_documento": "DNI", "user": 29}}, {"model": "institucion.alumno", "pk": 21, "fields": {"creation_date": "2023-05-10T11:12:17.667Z", "update_date": "2023-05-10T11:12:17.667Z", "estate": "A", "nro_documento": "61821589", "nombres": "Genesis jhoana", "apellido_paterno": "Bayona", "apellido_materno": "Alonso 6", "tipo_documento": "DNI", "user": 30}}, {"model": "institucion.alumno", "pk": 22, "fields": {"creation_date": "2023-05-10T11:13:45.751Z", "update_date": "2023-05-10T11:13:45.751Z", "estate": "A", "nro_documento": "62377862", "nombres": "Alejandro jair", "apellido_paterno": "Flores", "apellido_materno": "Periche", "tipo_documento": "DNI", "user": 31}}, {"model": "institucion.alumno", "pk": 23, "fields": {"creation_date": "2023-05-10T12:10:40.657Z", "update_date": "2023-05-10T12:10:40.657Z", "estate": "A", "nro_documento": "62628312", "nombres": "Segundo Daryl", "apellido_paterno": "Zeta", "apellido_materno": "Reyes", "tipo_documento": "DNI", "user": 32}}, {"model": "institucion.alumno", "pk": 24, "fields": {"creation_date": "2023-05-10T12:40:17.409Z", "update_date": "2023-05-10T12:40:17.409Z", "estate": "A", "nro_documento": "61821596", "nombres": "Milagros del Rosario", "apellido_paterno": "Fiestas", "apellido_materno": "Eche", "tipo_documento": "DNI", "user": 33}}, {"model": "institucion.alumno", "pk": 25, "fields": {"creation_date": "2023-05-10T20:40:58.251Z", "update_date": "2023-05-10T20:40:58.251Z", "estate": "A", "nro_documento": "63798197", "nombres": "PREITY ANGELY", "apellido_paterno": "AYALA", "apellido_materno": "LAMADRID", "tipo_documento": "DNI", "user": 34}}, {"model": "institucion.alumno", "pk": 26, "fields": {"creation_date": "2023-05-10T22:10:50.568Z", "update_date": "2023-05-10T22:10:50.568Z", "estate": "A", "nro_documento": "79501146", "nombres": "JEAN JOSE FRANCO", "apellido_paterno": "CORTEZ", "apellido_materno": "SILVA", "tipo_documento": "DNI", "user": 35}}, {"model": "institucion.alumno", "pk": 27, "fields": {"creation_date": "2023-05-10T22:11:40.940Z", "update_date": "2023-05-10T22:11:40.940Z", "estate": "A", "nro_documento": "79194233", "nombres": "AXEL OMAR", "apellido_paterno": "MEDINA", "apellido_materno": "RAMOS", "tipo_documento": "DNI", "user": 36}}, {"model": "institucion.alumno", "pk": 28, "fields": {"creation_date": "2023-05-10T22:12:29.628Z", "update_date": "2023-05-10T22:12:29.628Z", "estate": "A", "nro_documento": "79242720", "nombres": "ESTEFANY GUADALUPE", "apellido_paterno": "CHUNGA", "apellido_materno": "VISE", "tipo_documento": "DNI", "user": 37}}, {"model": "institucion.alumno", "pk": 29, "fields": {"creation_date": "2023-05-10T22:13:36.126Z", "update_date": "2023-05-10T22:13:36.126Z", "estate": "A", "nro_documento": "79206459", "nombres": "CARLOS MIGUEL", "apellido_paterno": "GALAN", "apellido_materno": "MACALUPU", "tipo_documento": "DNI", "user": 38}}, {"model": "institucion.alumno", "pk": 30, "fields": {"creation_date": "2023-05-10T22:14:25.846Z", "update_date": "2023-05-10T22:14:25.846Z", "estate": "A", "nro_documento": "79345259", "nombres": "MIGUEL ANGEL", "apellido_paterno": "PERICHE", "apellido_materno": "NAMUCHE", "tipo_documento": "DNI", "user": 39}}, {"model": "institucion.alumno", "pk": 31, "fields": {"creation_date": "2023-05-10T22:15:20.654Z", "update_date": "2023-05-10T22:15:20.654Z", "estate": "A", "nro_documento": "79592151", "nombres": "LIA MAYTE", "apellido_paterno": "FIESTAS", "apellido_materno": "PERICHE", "tipo_documento": "DNI", "user": 40}}, {"model": "institucion.alumno", "pk": 32, "fields": {"creation_date": "2023-05-10T22:16:06.956Z", "update_date": "2023-05-10T22:16:06.956Z", "estate": "A", "nro_documento": "79127132", "nombres": "SARITA NOEMI", "apellido_paterno": "RAMOS", "apellido_materno": "ALAMA", "tipo_documento": "DNI", "user": 41}}, {"model": "institucion.alumno", "pk": 33, "fields": {"creation_date": "2023-05-10T22:18:13.933Z", "update_date": "2023-05-10T22:18:13.933Z", "estate": "A", "nro_documento": "79571145", "nombres": "BRIANNA ELIZABETH", "apellido_paterno": "RUMICHE", "apellido_materno": "REYES", "tipo_documento": "DNI", "user": 42}}, {"model": "institucion.alumno", "pk": 34, "fields": {"creation_date": "2023-05-10T22:19:07.942Z", "update_date": "2023-05-10T22:19:07.942Z", "estate": "A", "nro_documento": "79603155", "nombres": "EMMANUEL JESUS VALENTIN", "apellido_paterno": "BONILLA", "apellido_materno": "CHUNGA", "tipo_documento": "DNI", "user": 43}}, {"model": "institucion.alumno", "pk": 35, "fields": {"creation_date": "2023-05-10T22:20:18.343Z", "update_date": "2023-05-10T22:20:18.343Z", "estate": "A", "nro_documento": "79167443", "nombres": "PERCY JHOEL", "apellido_paterno": "FERNANDEZ", "apellido_materno": "PAZO", "tipo_documento": "DNI", "user": 44}}, {"model": "institucion.alumno", "pk": 36, "fields": {"creation_date": "2023-05-10T22:21:18.518Z", "update_date": "2023-05-10T22:21:18.518Z", "estate": "A", "nro_documento": "79149442", "nombres": "ANGIE MARIANA", "apellido_paterno": "VISE", "apellido_materno": "ECHE", "tipo_documento": "DNI", "user": 45}}, {"model": "institucion.alumno", "pk": 37, "fields": {"creation_date": "2023-05-10T22:23:16.414Z", "update_date": "2023-05-10T22:23:16.414Z", "estate": "A", "nro_documento": "79184768", "nombres": "XIOMARA YAMILETH", "apellido_paterno": "SIESQUEN", "apellido_materno": "MARTINEZ", "tipo_documento": "DNI", "user": 46}}, {"model": "institucion.alumno", "pk": 38, "fields": {"creation_date": "2023-05-10T22:24:19.730Z", "update_date": "2023-05-10T22:24:19.730Z", "estate": "A", "nro_documento": "79249733", "nombres": "ANGELO DANIEL", "apellido_paterno": "TUME", "apellido_materno": "QUEREVALU", "tipo_documento": "DNI", "user": 47}}, {"model": "institucion.alumno", "pk": 39, "fields": {"creation_date": "2023-05-11T00:09:22.830Z", "update_date": "2023-05-11T00:09:22.830Z", "estate": "A", "nro_documento": "61958222", "nombres": "ANGEL DAVID", "apellido_paterno": "MACALUPU", "apellido_materno": "BAYONA", "tipo_documento": "DNI", "user": 48}}, {"model": "institucion.alumno", "pk": 40, "fields": {"creation_date": "2023-05-11T01:44:42.117Z", "update_date": "2023-05-11T01:44:42.117Z", "estate": "A", "nro_documento": "61958301", "nombres": "Gladys Jasmin", "apellido_paterno": "Bayona", "apellido_materno": "Reymundo", "tipo_documento": "DNI", "user": 49}}, {"model": "institucion.alumno", "pk": 41, "fields": {"creation_date": "2023-05-11T21:07:03.123Z", "update_date": "2023-05-11T21:07:03.123Z", "estate": "A", "nro_documento": "79280684", "nombres": "Eliane", "apellido_paterno": "Salazar", "apellido_materno": "Llenque", "tipo_documento": "DNI", "user": 50}}, {"model": "institucion.alumno", "pk": 42, "fields": {"creation_date": "2023-05-11T21:08:21.613Z", "update_date": "2023-05-11T21:08:21.613Z", "estate": "A", "nro_documento": "79247697", "nombres": "Anthony Valentin", "apellido_paterno": "Castillo", "apellido_materno": "Anton", "tipo_documento": "DNI", "user": 51}}, {"model": "institucion.alumno", "pk": 43, "fields": {"creation_date": "2023-05-11T21:09:29.526Z", "update_date": "2023-05-11T21:09:29.526Z", "estate": "A", "nro_documento": "79313716", "nombres": "Kevin", "apellido_paterno": "Valiente", "apellido_materno": "Arisis", "tipo_documento": "DNI", "user": 52}}, {"model": "institucion.alumno", "pk": 44, "fields": {"creation_date": "2023-05-11T21:11:22.174Z", "update_date": "2023-05-11T21:11:22.174Z", "estate": "A", "nro_documento": "79477424", "nombres": "Diana", "apellido_paterno": "Velasquez", "apellido_materno": "Purizaca", "tipo_documento": "DNI", "user": 53}}, {"model": "recursos.recurso", "pk": 19, "fields": {"creation_date": "2023-04-24T01:43:39.086Z", "update_date": "2023-04-24T01:43:39.086Z", "estate": "A", "titulo": "¿Por qué son importantes las vacunas?", "descripcion": "Radioteatro para reflexionar en familia sobre la importancia de las vacunas. \r\nEstudiante: Adrián David Zapata Zarpán\r\nGrado: Tercer Grado de Primaria\r\nAño: 2022", "contenido": "", "tipo": "P", "institucion": 1, "original_filename": "recurso/2022/04/13/d234f7f4887f487eb1b512327f8d5ee0.mp3", "miniatura": "recurso/2022/04/13/fbe1e8e4f8f3442192fa0c8640f2b5b9.png"}}, {"model": "recursos.recurso", "pk": 20, "fields": {"creation_date": "2023-04-24T01:43:39.079Z", "update_date": "2023-04-24T01:43:39.079Z", "estate": "A", "titulo": "¿Por qué no debemos consumir bebidas azucaradas?", "descripcion": "\"Radioteatro para reflexionar\" ¿Por qué es importante no tomar bebidas azucaradas? \r\nEl Ministerio de Salud recomienda reducir el consumo de bebidas azucaradas que aportan grandes cantidades de calorías vacías al organismo, ya que pueden producir importantes consecuencias en la salud como la obesidad, la diabetes y otras enfermedades.\r\n Acompáñennos a escuchar este radioteatro y reflexionemos juntos en familia. \r\nFamilia Alarico Amaya IIE San Martín-Sechura", "contenido": "", "tipo": "P", "institucion": 1, "original_filename": "recurso/2022/04/13/33c871312f054d25be103449ae53cf52.mpeg", "miniatura": "recurso/2022/04/13/048b911615da408bbc2fb7de0443aee0.jpeg"}}, {"model": "recursos.recurso", "pk": 21, "fields": {"creation_date": "2023-04-24T01:43:39.072Z", "update_date": "2023-04-24T01:43:39.072Z", "estate": "A", "titulo": "¿Qué debemos hacer frente a un fenómeno natural?", "descripcion": "\"Radioteatro para reflexionar juntos en familia\" \r\nEste radioteatro describe cómo actúa una familia frente a un sismo. ¿Y tú cómo actúas frente a un fenómeno natural? \r\nIEE San Martín - Sechura \r\nParticipación: Familia Vargas Flores\r\nGrado: 2do Grado de Primaria.\r\nAño: 2021", "contenido": "", "tipo": "P", "institucion": 1, "original_filename": "recurso/2022/04/13/90523224581f4fc983e0739084645b6d.mpeg", "miniatura": "recurso/2022/04/13/93370fecf9424069ae51f7fab24250b9.jpeg"}}, {"model": "recursos.recurso", "pk": 23, "fields": {"creation_date": "2023-04-24T01:43:39.062Z", "update_date": "2023-04-24T01:43:39.062Z", "estate": "A", "titulo": "SOMOS CIUDADANOS DEL BICENTENARIO", "descripcion": "A través de este cortometraje se manifiesta la problemática social de nuestro país y el reto que tenemos cada uno de nosotros para transformar una sociedad mejor ya que de esa forma actuando con libertad pero respetando los derechos de los demás seremos ciudadanos del Bicentenario. \r\nEstudiante: Lázaro Amaya Galán IEE San Martín - Sechura", "contenido": "https://youtu.be/nrDUz8zScg8", "tipo": "R", "institucion": 1, "original_filename": "", "miniatura": "recurso/2022/04/13/a1c97ab743344440ae7f362a52fc9a71.jpeg"}}, {"model": "recursos.recurso", "pk": 24, "fields": {"creation_date": "2023-04-24T01:43:39.054Z", "update_date": "2023-04-24T01:43:39.054Z", "estate": "A", "titulo": "PERÚ, SÍ SE PUEDE", "descripcion": "En el Perú de hoy, tenemos muchos retos para forjar una mejor sociedad. “IMAGINAR PARA TRANSFORMAR, EL PAÍS QUE QUEREMOS CONSTRUIR“, nos permite ser partícipes activos de los cambios y permanencias de nuestro país. \r\nCada día es una oportunidad para levantarse y decir: Perú, ¡sí, se puede! …\r\nEstudiante: Brayan Purizaca Fiestas - IEE San Martín", "contenido": "https://youtu.be/8MXz7Z8sJng", "tipo": "R", "institucion": 1, "original_filename": "", "miniatura": "recurso/2022/04/13/88c0aa7a68484b20b7137a38fee0ffc7.jpeg"}}, {"model": "recursos.recurso", "pk": 29, "fields": {"creation_date": "2023-04-24T01:43:39.044Z", "update_date": "2023-04-24T01:43:39.044Z", "estate": "A", "titulo": "¿Por qué no debemos consumir bebidas azucaradas?", "descripcion": "\"Radioteatro para reflexionar\" \r\n¿Por qué es importante no tomar bebidas azucaradas?\r\nParticipantes: \r\nFamilia Antón Cumpa\r\nTercer Grado de Primaria\r\nAño 2021", "contenido": "", "tipo": "P", "institucion": 1, "original_filename": "recurso/2022/04/13/aec0cb96cdf74477a78eb4934369a965.mpeg", "miniatura": "recurso/2022/04/13/5ac58777fa244f0abcba4e27a3037c55.jpeg"}}, {"model": "recursos.recurso", "pk": 31, "fields": {"creation_date": "2023-04-24T01:43:39.034Z", "update_date": "2023-04-24T01:43:39.034Z", "estate": "A", "titulo": "Números del 1 al 5", "descripcion": "Ficha interactiva ideal para estudiantes del nivel inicial.", "contenido": "https://www.topworksheets.com/embed/números-del-1-al-5-61e25398bad20?language=es", "tipo": "F", "institucion": 1, "original_filename": "", "miniatura": "recurso/2022/04/13/3d90b5bea68f4a709cbeee209c626b74.png"}}, {"model": "recursos.recurso", "pk": 32, "fields": {"creation_date": "2023-04-24T01:43:39.024Z", "update_date": "2023-04-24T01:43:39.024Z", "estate": "A", "titulo": "LUGARES DE SECHURA", "descripcion": "Ficha de comprensión lectora. Edad: 5 - 7 años.", "contenido": "https://www.topworksheets.com/embed/observo-leo-y-escribo-61e1afe84c3cd?language=es", "tipo": "F", "institucion": 1, "original_filename": "", "miniatura": "recurso/2022/04/13/4e7f21a4a0ea46388d8e88cbfacf726a.jpg"}}, {"model": "recursos.recurso", "pk": 33, "fields": {"creation_date": "2023-04-24T01:43:39.014Z", "update_date": "2023-04-24T01:43:39.014Z", "estate": "A", "titulo": "COMPRENDO LO QUE LEO", "descripcion": "Ficha de comprensión lectora. Edad: 5 - 7 años.", "contenido": "https://www.topworksheets.com/embed/comprendo-lo-qie-617855634a71c?language=es", "tipo": "F", "institucion": 1, "original_filename": "", "miniatura": "recurso/2022/04/13/2c151a709c3b44f28dca842752183d5b.jpg"}}, {"model": "recursos.recurso", "pk": 34, "fields": {"creation_date": "2023-04-24T01:43:39.003Z", "update_date": "2023-04-24T01:43:39.003Z", "estate": "A", "titulo": "EL ABRIGO DE DON PANCHO", "descripcion": "Narración sechurana recopilada por Elena Guadalupe Dedios Sernaqué, alumna del Segundo Grado de la IEE San Martín de Sechura. \r\nTrata sobre un hombre que ayudó amablemente a una muchacha, sin saber que ella había fallecido años atrás.", "contenido": "", "tipo": "L", "institucion": 1, "original_filename": "recurso/2022/04/13/310f9495b93a40ab83bfab96b3c2bf34.pdf", "miniatura": "recurso/2022/04/13/51e9d8a77bea4c908314b125cad08d3b.jpg"}}, {"model": "recursos.recurso", "pk": 35, "fields": {"creation_date": "2023-04-24T01:43:38.993Z", "update_date": "2023-04-24T01:43:38.993Z", "estate": "A", "titulo": "EL FAROLITO", "descripcion": "Narración sechurana recopilada por Vicente Josué De la Cruz Rumiche, estudiante de Segundo Grado B de la IEE San MArtín de Sechura. Esta historia narra sobre las apariciones de una luz misterisosa que espantaba a los choferes.", "contenido": "", "tipo": "L", "institucion": 1, "original_filename": "recurso/2022/04/13/c26ff3a6020d4adbadc2d7438500a325.pdf", "miniatura": "recurso/2022/04/13/423883abc3524d458ff62bee89905262.jpg"}}, {"model": "recursos.recurso", "pk": 36, "fields": {"creation_date": "2023-04-24T01:43:38.983Z", "update_date": "2023-04-24T01:43:38.983Z", "estate": "A", "titulo": "EL AGRICULTOR Y MARÍA DOMINGA", "descripcion": "Leyenda sechurana recopilada por Mártir Alexis Querevalú Silva, estudiante de Segundo Grado de Primaria de la IEE San Martín de Sechura. Esta historia narra sobre la aparición de una bella mujer a un humilde agricultor; los pobladores la llaman María Dominga.", "contenido": "", "tipo": "L", "institucion": 1, "original_filename": "recurso/2022/04/13/110b7fadf54444b1836c41f3354c0d2d.pdf", "miniatura": "recurso/2022/04/13/9e8fe69304e24a89aebbebdf70bca7b1.jpg"}}, {"model": "recursos.recurso", "pk": 37, "fields": {"creation_date": "2023-04-24T01:43:38.976Z", "update_date": "2023-04-24T01:43:38.976Z", "estate": "A", "titulo": "EL BARCO FANTASMA", "descripcion": "Leyenda sechurana recopilada por Diego Cristaldo Eche Herna, estudiante de Primer Grado de Primaria de la IEE San Martín de Sechura. Esta historia cuenta sobre un \"barco fantasma\" que siempre asusta a los pescadores en un lugar llamado \"Reventazón\" (Bayóvar).", "contenido": "", "tipo": "L", "institucion": 1, "original_filename": "recurso/2022/04/13/1210aa1191d64382b3e5dfa292cdee9d.pdf", "miniatura": "recurso/2022/04/13/5c9aca4fe47b443db333c7436a182854.jpg"}}, {"model": "recursos.recurso", "pk": 38, "fields": {"creation_date": "2023-04-24T01:43:38.967Z", "update_date": "2023-04-24T01:43:38.967Z", "estate": "A", "titulo": "EL HUMILDE GUARDIÁN", "descripcion": "Cuento sechurano recopilado por Zoe Noemí Fiestas Fiestas, estudiante del Primer grado de Primaria de la IEE San Martín de Sechura. Este texto narra la historia de un gusrdián que fue sorprendido por un duendecillo bondadoso.", "contenido": "", "tipo": "L", "institucion": 1, "original_filename": "recurso/2022/04/13/b83c6ca4bbef4af186de64ebde7995fc.pdf", "miniatura": "recurso/2022/04/13/cce01e798671439899b4c89cb9af7595.jpg"}}, {"model": "recursos.recurso", "pk": 39, "fields": {"creation_date": "2023-04-24T01:43:38.958Z", "update_date": "2023-04-24T01:43:38.958Z", "estate": "A", "titulo": "El encanto de la Isla", "descripcion": "Historia recopilada y adaptada por Elizabeth Valverde Suyón docente de la Institución Educativa 14745 - UGEL Paita y promotora de AYLLUMEVAL Proyecto ganador - FONDEP 2021.", "contenido": "", "tipo": "U", "institucion": 1, "original_filename": "recurso/2022/04/13/15bfd66bc3b848cabbcb210ea5a40909.pdf", "miniatura": "recurso/2022/04/13/74cfa77b30824c4c9e69f2d3c62eb6b7.jpg"}}, {"model": "recursos.recurso", "pk": 40, "fields": {"creation_date": "2023-04-24T01:43:38.950Z", "update_date": "2023-04-24T01:43:38.950Z", "estate": "A", "titulo": "LA PALOMA MISTERIOSA", "descripcion": "Cuento creado por Génesis Panta Aguirre\r\nAutora: Génesis Panta Aguirre Estudiante de Segundo Grado de Primaria de la IEE San Martín - Sechura", "contenido": "", "tipo": "U", "institucion": 1, "original_filename": "recurso/2022/04/13/d81ec67e36b543f7bddae325aea896cd.pdf", "miniatura": "recurso/2022/04/13/4dae0d98fe6a445aa8c529ad4cc75fac.jpg"}}, {"model": "recursos.recurso", "pk": 41, "fields": {"creation_date": "2023-04-24T01:43:38.940Z", "update_date": "2023-04-24T01:43:38.940Z", "estate": "A", "titulo": "PROGRAMA RADIAL: CURIOSIDADES", "descripcion": "En este podcast podrás escuchar el programa radial a cargo de la docente y estudiantes de tercer grado de primaria de la IE San Martín, acerca de curiosidades sobre el cuidado de nuestra salud.", "contenido": "", "tipo": "P", "institucion": 1, "original_filename": "recurso/2022/04/13/697cceb9dc7d4b2099ef2860284e088f.mp3", "miniatura": "recurso/2022/04/13/5a3b1b3e379a451e9b6ae1dee7221ebd.png"}}, {"model": "recursos.recurso", "pk": 42, "fields": {"creation_date": "2023-04-24T01:43:38.930Z", "update_date": "2023-04-24T01:43:38.930Z", "estate": "A", "titulo": "PAULA LA NIÑA QUE SOLO COMÍA ESPAGUETIS", "descripcion": "La historia trata de las consecuencias que tuvo una niña por comer solamente espaguetis, pues no quería comer otro tipo de alimentos.\r\nCuento narrado por Marisol Pazos Nunura, docente de la IE San Martín de Sechura. Con la participación de estudiantes de primer grado de primaria.", "contenido": "", "tipo": "A", "institucion": 1, "original_filename": "recurso/2022/04/13/8e7620602cbd4d43bb9697baabe5544a.mp3", "miniatura": "recurso/2022/04/13/6f004de11d27428cab4169537d3f483a.png"}}, {"model": "recursos.recurso", "pk": 43, "fields": {"creation_date": "2023-04-24T01:43:38.920Z", "update_date": "2023-04-24T01:43:38.920Z", "estate": "A", "titulo": "ILLESCAS", "descripcion": "En este podcast realizado por Julio César Eche Zeta, estudiante del nivel Secundario, conocerás cómo es la Zona Reservada de Illescas y cómo puede contribuir en su conservación. \r\nInvitado Especial: Biólogo Frank Suárez Pingo", "contenido": "", "tipo": "P", "institucion": 1, "original_filename": "recurso/2022/04/13/23bae66318384f6ca9b2e12eefde151e.mp3", "miniatura": "recurso/2022/04/13/ff93dd58015e445e821ba0a23e87a6e4.jpg"}}, {"model": "recursos.recurso", "pk": 44, "fields": {"creation_date": "2023-04-24T01:43:38.910Z", "update_date": "2023-04-24T01:43:38.910Z", "estate": "A", "titulo": "ÑAPIQUE, UNA PERLA EN EL DESIERTO DE SECHURA", "descripcion": "En este podcast realizado por el docente Denis Ipanaqué Cortez y la participación del estudiante Luis Joel Fernández Chunga de la IE San Martín, podrás conocer una maravilla sechurana. \r\nEste podcast se realizó por celebrar el Bicentenario de nuestro país y valorar nuestra riqueza y biodiversidad.", "contenido": "", "tipo": "P", "institucion": 1, "original_filename": "recurso/2022/04/13/43e528577d9f4842bc027810c41e6f3b.mp3", "miniatura": "recurso/2022/04/13/3ab0166a62d64eeea8d0bf994a216316.png"}}, {"model": "recursos.recurso", "pk": 45, "fields": {"creation_date": "2023-04-24T01:43:38.899Z", "update_date": "2023-04-24T01:43:38.899Z", "estate": "A", "titulo": "HISTORIA DE LA VIRGEN DE LAS MERCEDES DE PAITA", "descripcion": "Historia narrada por Jesús Milagritos Paiva Tume, Docente de la IE Virgen de las Mercedes-Paita", "contenido": "https://padlet-uploads.storage.googleapis.com/501304694/baf21ec3a939502b9f09eb6ba83da346/videoplayback__19_.mp4", "tipo": "Y", "institucion": 1, "original_filename": "", "miniatura": "recurso/2022/04/13/38a3c163404f4fb4ab90a23c2570478d.png"}}, {"model": "recursos.recurso", "pk": 46, "fields": {"creation_date": "2023-04-24T01:43:38.888Z", "update_date": "2023-04-24T01:43:38.888Z", "estate": "A", "titulo": "EL MITO DEL CHILALO", "descripcion": "\"El mito del chilalo\" Autor: Genaro Maza Vera Adaptado por: Jesús Milagritos Paiva Tume IE Virgen de las Mercedes - Paita", "contenido": "https://padlet-uploads.storage.googleapis.com/501304694/c6ce5eba9cd44fb560ab03a0fce4bcd4/videoplayback__18_.mp4", "tipo": "Y", "institucion": 1, "original_filename": "", "miniatura": "recurso/2022/04/13/3cab77c17b664dacb61dc94f6c084851.jpeg"}}, {"model": "recursos.recurso", "pk": 47, "fields": {"creation_date": "2023-04-24T01:43:38.878Z", "update_date": "2023-04-24T01:43:38.878Z", "estate": "A", "titulo": "LEEMOS UNA HISTORIA", "descripcion": "Lectura y comprensión de textos. Primer Grado de primaria.", "contenido": "https://padlet-uploads.storage.googleapis.com/501304694/2ec6d5ad23d1146aa6c90ddf03447867/videoplayback__22_.mp4", "tipo": "Y", "institucion": 1, "original_filename": "", "miniatura": "recurso/2022/04/13/99aa6af06c7e4682825253e08682210b.png"}}, {"model": "recursos.recurso", "pk": 48, "fields": {"creation_date": "2023-04-24T01:43:38.874Z", "update_date": "2023-04-24T01:43:38.874Z", "estate": "A", "titulo": "RESOLVEMOS PROBLEMAS", "descripcion": "Usamos monedas y billetes para resolver problemas de compra y venta\r\nRecurso que orienta a docentes, padres y estudiantes a resolver problemas y a explicar por qué se debe sumar o restar. Primer y Segundo Grado de Primaria", "contenido": "https://padlet-uploads.storage.googleapis.com/501304694/e671b1ba0b188486db39fde18938a22b/videoplayback__19_.mp4", "tipo": "Y", "institucion": 1, "original_filename": "", "miniatura": "recurso/2022/04/13/06abb83b6ed34ec88efc3e96e3800514.jpeg"}}, {"model": "recursos.recurso", "pk": 49, "fields": {"creation_date": "2023-04-24T01:43:38.866Z", "update_date": "2023-04-24T01:43:38.866Z", "estate": "A", "titulo": "LA DUPLA MÁGICA", "descripcion": "Juego matemático para estudiantes de primaria.", "contenido": "", "tipo": "G", "institucion": 1, "original_filename": "recurso/2022/04/13/526b33734dca460ab173af976b1acb31.3gpp", "miniatura": "recurso/2022/04/13/0140efad713f4d619097598f7cf6465a.png"}}, {"model": "recursos.recurso", "pk": 50, "fields": {"creation_date": "2023-04-24T01:43:38.856Z", "update_date": "2023-04-24T01:43:38.856Z", "estate": "A", "titulo": "EL ABRIGO DE DON PACHO", "descripcion": "Narración sechurana recopilada por Elena Guadalupe Dedios Sernaqué, alumna del Segundo Grado de la IEE San Martín de Sechura. Trata sobre un hombre que ayudó amablemente a una muchacha, sin saber que ella había fallecido años atrás.", "contenido": "", "tipo": "L", "institucion": 1, "original_filename": "recurso/2022/04/13/515484e250ed44bf8d1210f06496028e.pdf", "miniatura": "recurso/2022/04/13/ef42bd0d41d2493c820dbc35adea825e.jpg"}}, {"model": "recursos.recurso", "pk": 51, "fields": {"creation_date": "2023-04-24T01:43:38.846Z", "update_date": "2023-04-24T01:43:38.846Z", "estate": "A", "titulo": "LA CHANCHA MISTERIOSA", "descripcion": "Los cuentan los antiguos pobladores de Sechura, que hace mucho tiempo, aparecía un animal, en las noches de Luna llena. Este animal asustaba a todo aquel que salía a la calle en altas horas de la noche. ¿Quieren saber más de esta historia? Te invitamos a escuchar el cuento \"La chancha misteriosa\"\r\nHistoria narrada por la Jackelin Rumiche Ayala, docente de la IE San Martín.", "contenido": "", "tipo": "A", "institucion": 1, "original_filename": "recurso/2022/04/13/db8af31eea0147889e264b9c43e9ba02.mp3", "miniatura": "recurso/2022/04/13/850c9abc73c942529cd0da4c90b7720e.png"}}, {"model": "recursos.recurso", "pk": 52, "fields": {"creation_date": "2023-04-24T01:43:38.836Z", "update_date": "2023-04-24T01:43:38.836Z", "estate": "A", "titulo": "EL HUACO ENAMORADO", "descripcion": "Historia narrada por Areliz Flores Eche, estudiante de la IE San Martín. \r\nEsta historia narra sobre un hombrecito muy pequeño que se enamoró de una humilde muchacha y de los peligros a la que se expuso por ser muy curiosa.", "contenido": "", "tipo": "A", "institucion": 1, "original_filename": "recurso/2022/04/13/3cf5fcb1e9b940388d4540999059eb92.mp3", "miniatura": "recurso/2022/04/13/876686ae6c924a54894d8c0e39520184.png"}}, {"model": "recursos.recurso", "pk": 55, "fields": {"creation_date": "2023-04-24T01:43:38.826Z", "update_date": "2023-04-24T01:43:38.826Z", "estate": "A", "titulo": "¿Qué son las Veedurías Escolares?", "descripcion": "Programación de Veedurías Escolares 2022 \r\nTemática Nacional: Retorno escolar (del 11 de mayo al 5 de junio)\r\nTemáticas Regionales (Del 20 de junio al 10 de julio)\r\nTemática Nacional: Retorno escolar (del 01 al 21 de setiembre)\r\nTemáticas Regionales (Del 11 al 31 de octubre)\r\nEntérate más sobre las veedurías escolares en: https://www.gob.pe/institucion/contraloria/campa%C3%B1as/3810-veedurias-escolares-2022\r\nParticipación en video: Estudiantes del Nivel Secundaria-IEE San Martín - Sechura.", "contenido": "https://youtu.be/uEqg-vx4_xw", "tipo": "R", "institucion": 1, "original_filename": "", "miniatura": "recurso/2022/06/01/3ce6e9dcd19747bd98433da8dc52c965.JPG"}}, {"model": "recursos.recurso", "pk": 56, "fields": {"creation_date": "2023-04-24T01:43:38.816Z", "update_date": "2023-04-24T01:43:38.816Z", "estate": "A", "titulo": "Manejo y uso del agua, conocimiento ancestral incaico", "descripcion": "Artículo de opinión: Manejo y uso del agua, conocimiento ancestral incaico.\r\nAutor: Yomar Lionel Cerin Eche \r\nEstudiante de 1° de Secundaria - Sección José Martí\r\nIEE San Martín - Sechura.\r\nDocente: José Mercedes Tume Fiestas.", "contenido": "", "tipo": "U", "institucion": 1, "original_filename": "recurso/2022/06/01/9f91bffeee594d2db0650a37bc7a4e4e.pdf", "miniatura": "recurso/2022/06/01/fefb8d9301dd49c49bd2f81f6c2b6cca.JPG"}}, {"model": "recursos.recurso", "pk": 57, "fields": {"creation_date": "2023-04-24T01:43:38.806Z", "update_date": "2023-04-24T01:43:38.806Z", "estate": "A", "titulo": "Nos cuidamos del dengue escribiendo RIMAS", "descripcion": "Producciones realizadas por estudiantes de Segundo grado de primaria de la IEE San Martín.\r\nRimas para el cuidado y prevención del dengue.\r\nDocente: María Esther Tume Pacheco.", "contenido": "", "tipo": "U", "institucion": 1, "original_filename": "recurso/2022/06/01/92bdcda2eb40468c953b597524e20a3e.pdf", "miniatura": "recurso/2022/06/01/980ce9a926ed457dabe8c80a42e31754.png"}}, {"model": "recursos.recurso", "pk": 60, "fields": {"creation_date": "2023-04-24T01:43:38.797Z", "update_date": "2023-04-24T01:43:38.797Z", "estate": "A", "titulo": "Danza \"Las Cusqueñas\"", "descripcion": "Danza típica de Sechura, bailada en la Festividad del Niño Dios. \r\nParticipantes: Elena y Milagros Dedios Sernaqué.", "contenido": "https://youtu.be/aNukCa7n7Pw", "tipo": "R", "institucion": 1, "original_filename": "", "miniatura": "recurso/2022/06/06/48fa2b46795942fba242f884ad38e1ce.JPG"}}, {"model": "recursos.recurso", "pk": 61, "fields": {"creation_date": "2023-04-24T01:43:38.789Z", "update_date": "2023-04-24T01:43:38.789Z", "estate": "A", "titulo": "¿Por qué nos contagiamos de dengue?", "descripcion": "Radioteatro para reflexionar.\r\nParticipación de las familias Morales Varela y Pazo Maza-Tercer Grado de Primaria-IEE San Martín.", "contenido": "", "tipo": "P", "institucion": 1, "original_filename": "recurso/2022/06/06/b0c5c4d103c04f3b971f7158d5e85615.mp3", "miniatura": "recurso/2022/06/06/2142456151bc43cf81e4d4cba3c4a268.png"}}, {"model": "recursos.recurso", "pk": 62, "fields": {"creation_date": "2023-04-24T01:43:38.781Z", "update_date": "2023-04-24T01:43:38.781Z", "estate": "A", "titulo": "El encanto del cerro Vicús", "descripcion": "Leyenda recopilada por Luana Chiroque Adanaqué.\r\nIE Jesús Divino Maestro - Chulucanas - Morropón.", "contenido": "", "tipo": "A", "institucion": 1, "original_filename": "recurso/2022/06/06/6217cac5f5514343a860fa00512bb913.mp3", "miniatura": "recurso/2022/06/06/1f804f9c23cc45b09c4156cab61233f7.jpg"}}, {"model": "recursos.recurso", "pk": 63, "fields": {"creation_date": "2023-04-24T01:43:38.772Z", "update_date": "2023-04-24T01:43:38.772Z", "estate": "A", "titulo": "¡Todos contra el dengue!", "descripcion": "Teatro familiar con la participación de estudiantes del 1er Grado de Primaria de la IE San Martín - Sechura.\r\nDocente: Olga Vite Vite.", "contenido": "https://youtu.be/yAcXDvLRMeM", "tipo": "Y", "institucion": 1, "original_filename": "", "miniatura": "recurso/2022/06/06/0d6ded7f69d8409aa9f13a5771b41286.jpg"}}, {"model": "recursos.recurso", "pk": 64, "fields": {"creation_date": "2023-04-24T01:43:38.762Z", "update_date": "2023-04-24T01:43:38.762Z", "estate": "A", "titulo": "¿Por qué nos enfermamos de dengue?", "descripcion": "Radioteatro para reflexionar.\r\nParticipación de la familia Elías Silva del primer grado de primaria. IE San Martín-Sechura.\r\nDocente: Olga Vite Vite.", "contenido": "", "tipo": "P", "institucion": 1, "original_filename": "recurso/2022/06/06/fe41e1873b6d4f0eb719204724a51903.mp3", "miniatura": "recurso/2022/06/06/2ae96c4e0d944032833589c2c815a870.png"}}, {"model": "recursos.recurso", "pk": 65, "fields": {"creation_date": "2023-04-24T01:43:38.752Z", "update_date": "2023-04-24T01:43:38.752Z", "estate": "A", "titulo": "Afiche para prevenir el dengue", "descripcion": "Producción de Doan Antón Tume, alumno del\r\nPrimer Grado Primaria de la IE  San Martín - Sechura.\r\nDocente: Karen Lourdes Pastor Fossa.", "contenido": "", "tipo": "U", "institucion": 1, "original_filename": "recurso/2022/06/06/f8e56b667bf04412b5d4b51410cfb03d.jpeg", "miniatura": "recurso/2022/06/06/e0178bcfbb4b4f38a73ff7911aa1cb5d.png"}}, {"model": "recursos.recurso", "pk": 66, "fields": {"creation_date": "2023-04-24T01:43:38.742Z", "update_date": "2023-04-24T01:43:38.742Z", "estate": "A", "titulo": "El silbido del muerto", "descripcion": "Cuento del distrito de La Arena - Piura.\r\nRecopilado por Diego Armando Ancajima Santos. IE 14123 - La Arena", "contenido": "", "tipo": "L", "institucion": 1, "original_filename": "recurso/2022/06/06/f3531bbab9704c8e92c2297ad6f72045.pdf", "miniatura": "recurso/2022/06/06/d87e9f208c98411d9a995f91d1309244.JPG"}}, {"model": "recursos.recurso", "pk": 67, "fields": {"creation_date": "2023-04-24T01:43:38.733Z", "update_date": "2023-04-24T01:43:38.733Z", "estate": "A", "titulo": "La banda de músicos y el Médano Blanco", "descripcion": "Leyenda sechurana. Recopilada y adaptada por: Jackelin Rumiche Ayala y Giovanna Rumiche Ayala, docentes de la IE San Martín-Sechura. Ilustración: Estudiante Manuel Periche Llenque.", "contenido": "", "tipo": "L", "institucion": 1, "original_filename": "recurso/2022/06/06/d33e578a141d44b4a4994ba7ba582fc3.pdf", "miniatura": "recurso/2022/06/06/a9a43378e4734a289eda4bc05a9bfa83.JPG"}}, {"model": "recursos.recurso", "pk": 68, "fields": {"creation_date": "2023-04-24T01:43:38.723Z", "update_date": "2023-04-24T01:43:38.723Z", "estate": "A", "titulo": "¡Todos contra el dengue!", "descripcion": "Afiche elaborado por Taylor Napanga Fiestas.\r\nEstudiante del Primer Grado de Primaria-IE San Martín - Sechura.\r\nDocente: Karina", "contenido": "", "tipo": "U", "institucion": 1, "original_filename": "recurso/2022/06/06/605108e0265449fa911b71c10f636353.jpeg", "miniatura": "recurso/2022/06/06/fa5feb3e16b0463e9a7439d73c9467ac.JPG"}}, {"model": "recursos.recurso", "pk": 69, "fields": {"creation_date": "2023-04-24T01:43:38.712Z", "update_date": "2023-04-24T01:43:38.712Z", "estate": "A", "titulo": "¡Cuidado con el dengue!", "descripcion": "Representación de títeres que nos enseña a cómo cuidarnos del dengue. \r\nEstudiante: Marvin Stewar Querevalú Amaya.  1er Grado de Primaria. Docente: Karina Chapilliquén", "contenido": "https://youtu.be/8R4RHdz4Vjo", "tipo": "R", "institucion": 1, "original_filename": "", "miniatura": "recurso/2022/06/06/71ac0e975c8747b79844b7e6dae4ea95.jpg"}}, {"model": "recursos.recurso", "pk": 71, "fields": {"creation_date": "2023-04-24T01:43:38.701Z", "update_date": "2023-04-24T01:43:38.702Z", "estate": "A", "titulo": "KIPI EN SECHURA", "descripcion": "Entrevista a Walter Velásquez, creador de la Robot Kipi.", "contenido": "https://youtu.be/oY4d2omJlzM", "tipo": "R", "institucion": 1, "original_filename": "", "miniatura": "recurso/2022/08/25/51cc04156abb416998e9929eedd06354.JPG"}}, {"model": "recursos.recurso", "pk": 72, "fields": {"creation_date": "2023-04-24T01:43:38.692Z", "update_date": "2023-04-24T01:43:38.692Z", "estate": "A", "titulo": "ILLESCAS", "descripcion": "Entrevista a Aldo Aguirre, Jefe de la Zona Reservada de Illescas.", "contenido": "https://youtu.be/UUlETNiu2L0", "tipo": "R", "institucion": 1, "original_filename": "", "miniatura": "recurso/2022/08/25/fadb988251eb4267b246db378f17a623.JPG"}}, {"model": "recursos.recurso", "pk": 73, "fields": {"creation_date": "2023-04-24T01:43:38.684Z", "update_date": "2023-04-24T01:43:38.684Z", "estate": "A", "titulo": "CUIDAMOS EL MEDIO AMBIENTE", "descripcion": "Representación teatral que promueve el cuidado del medio ambiente.\r\nParticipan estudiantes y padre de familia de Tercer Grado \"Ica\".", "contenido": "https://youtu.be/2EztTbPE1Ng", "tipo": "R", "institucion": 1, "original_filename": "", "miniatura": "recurso/2022/08/25/c5d650f23ee94b4d99ca1603b228e2d2.JPG"}}, {"model": "recursos.recurso", "pk": 74, "fields": {"creation_date": "2023-04-24T01:43:38.674Z", "update_date": "2023-04-24T01:43:38.674Z", "estate": "A", "titulo": "VAMOS A CUIDAR LA TIERRA", "descripcion": "Musical que promueve el cuidado de nuestro planeta Tierra. \r\nLugar: Playa Chulliyache.\r\nParticipan: Estudiantes de Tercer y cuarto grado de Primaria.\r\nAgradecimiento por su colaboración a COLOCHO STUDIO y  YOLVI PRODUCCIONES", "contenido": "https://youtu.be/aC-icJh9KKs", "tipo": "R", "institucion": 1, "original_filename": "", "miniatura": "recurso/2022/08/25/cd6118feac3f4bb88d6ca9293c4648af.JPG"}}, {"model": "recursos.recurso", "pk": 75, "fields": {"creation_date": "2023-04-24T01:43:38.664Z", "update_date": "2023-04-24T01:43:38.664Z", "estate": "A", "titulo": "LAS GUARDIANAS DE LA CAPILLA", "descripcion": "Recopilado de: \r\nEL MÉDANO BLANCO \r\n(Antología de Leyendas Sechuranas) \r\nFONDO EDITORIAL SEC \r\nMunicipalidad Provincial de Sechura \r\nIlustrado por:  \r\nPaolo Chapilliquén Eche", "contenido": "", "tipo": "L", "institucion": 1, "original_filename": "recurso/2022/08/25/51943cb083034c7faecfb7f0c3485f32.pdf", "miniatura": "recurso/2022/08/25/926554e2c4c540c1a8a0d9b3f2e12f06.png"}}, {"model": "recursos.recurso", "pk": 76, "fields": {"creation_date": "2023-04-24T01:43:38.654Z", "update_date": "2023-04-24T01:43:38.654Z", "estate": "A", "titulo": "LAS GUARDIANAS DE LA CAPILLA", "descripcion": "Recopilado de: EL MÉDANO BLANCO (Antología de Leyendas Sechuranas) \r\nFONDO EDITORIAL SEC Municipalidad Provincial de Sechura\r\nNarración: Jackelin Rumiche Ayala - Docente IE San Martín", "contenido": "", "tipo": "A", "institucion": 1, "original_filename": "recurso/2022/08/25/d2ef9b9b6e7f4605af3765564d32c8d5.mp3", "miniatura": "recurso/2022/08/25/537418104f1f46a5b8e88dea4c8e245a.png"}}, {"model": "recursos.recurso", "pk": 77, "fields": {"creation_date": "2023-04-24T01:43:38.644Z", "update_date": "2023-04-24T01:43:38.644Z", "estate": "A", "titulo": "VOLVEMOS SEGURAS Y SEGUROS AL COLE", "descripcion": "TODOS VOLVEMOS SEGURAS Y SEGUROS AL COLE SAN MARTÍN.", "contenido": "https://youtu.be/rKsT9SfSWvg", "tipo": "Y", "institucion": 2, "original_filename": "", "miniatura": "recurso/2022/08/25/14d6941a514740d59c4c0352e2d2d430.JPG"}}, {"model": "recursos.recurso", "pk": 80, "fields": {"creation_date": "2023-04-24T01:43:38.634Z", "update_date": "2023-04-24T01:43:38.634Z", "estate": "A", "titulo": "MULTIPLICAMOS", "descripcion": "Ficha para practicar cálculo de multiplicaciones.\r\nTercer Grado de Primaria.", "contenido": "https://www.topworksheets.com/embed/multiplicamos-636080bcdd55c?language=es", "tipo": "F", "institucion": 1, "original_filename": "", "miniatura": "recurso/2022/08/25/be68db4139e14acf84b691b5566aead5.png"}}, {"model": "recursos.recurso", "pk": 81, "fields": {"creation_date": "2023-04-24T01:43:38.625Z", "update_date": "2023-04-24T01:43:38.625Z", "estate": "A", "titulo": "¿DIPTONGO O HIATO?", "descripcion": "Ficha para reconocer la formación de diptongo o hiato.\r\nTercer grado de primaria.", "contenido": "https://www.topworksheets.com/embed/diptongo-o-hiato-63608a1ccd432?language=es", "tipo": "F", "institucion": 1, "original_filename": "", "miniatura": "recurso/2022/08/25/2e27087ab1824ad8bbba30f2959097bc.png"}}, {"model": "recursos.recurso", "pk": 82, "fields": {"creation_date": "2023-04-24T01:43:38.615Z", "update_date": "2023-04-24T01:43:38.615Z", "estate": "A", "titulo": "CULTIVANDO VALORES-PROGRAMA RADIAL", "descripcion": "PROGRAMA RADIAL con participación de los estudiantes de Tercer grado de primaria - Sección \"Ica\", que promueve la práctica del valor de la veracidad y honestidad.\r\nDocente: Jackelin Rumiche Ayala.", "contenido": "", "tipo": "P", "institucion": 1, "original_filename": "recurso/2022/08/25/2e84789e998f48178f22a92b61e0ef0e.mp3", "miniatura": "recurso/2022/08/25/677fa0c844924629b9321ee608f8b253.png"}}, {"model": "recursos.recurso", "pk": 83, "fields": {"creation_date": "2023-04-24T01:43:38.605Z", "update_date": "2023-04-24T01:43:38.605Z", "estate": "A", "titulo": "RIMAS - NOS CUIDAMOS DEL DENGUE", "descripcion": "Rimas creadas por estudiantes de segundo Grado de Primaria.\r\nDocentes: Jessica Eche Inga y María Tume Pacheco\r\nIEE San Martín. Año 2022", "contenido": "", "tipo": "U", "institucion": 1, "original_filename": "recurso/2023/04/18/b52ab57aaa894629a9d81179ff22540b.pdf", "miniatura": "recurso/2023/04/18/83ddf9626b4d4693ac1692700362c69e.jpeg"}}, {"model": "recursos.recurso", "pk": 84, "fields": {"creation_date": "2023-04-24T01:43:38.594Z", "update_date": "2023-04-24T01:43:38.595Z", "estate": "A", "titulo": "LA LEYENDA DEL RÍO HABLADOR", "descripcion": "\"El río hablador\" - Leyenda narrada por la estudiante Camila Jackelin Infante Saavedra. Primer Grado de Primaria. IE 6084 (Lima).\r\nDocente: Magdiana Miranda", "contenido": "", "tipo": "A", "institucion": 1, "original_filename": "recurso/2023/04/18/ba2f6cb57c56401289585187985b3fb9.mp3", "miniatura": "recurso/2023/04/18/34cebe64d0ea49f9ba23487c5fd6ee15.jpeg"}}, {"model": "recursos.recurso", "pk": 85, "fields": {"creation_date": "2023-04-24T01:43:38.582Z", "update_date": "2023-04-24T01:43:38.582Z", "estate": "A", "titulo": "El silbido del muerto\"", "descripcion": "Cuento del distrito de La Arena - Piura. Recopilado por Diego Armando Ancajima Santos. IE 14123 - La Arena.\r\nProfesor: Víctor Hugo Chiroque Panta.", "contenido": "", "tipo": "A", "institucion": 1, "original_filename": "recurso/2023/04/18/4a051de98ca54016a89b1c8253401d4b.mp3", "miniatura": "recurso/2023/04/18/4d2afcdfbe214d118753432643cf6d1f.jpeg"}}, {"model": "recursos.recurso", "pk": 86, "fields": {"creation_date": "2023-04-24T01:43:38.574Z", "update_date": "2023-04-24T01:43:38.574Z", "estate": "A", "titulo": "COMIDAS SECHURANAS", "descripcion": "Textos instructivos elaborados por los estudiantes de Tercer Grado \"Ica\" de la IEE Emblemática San Martín (Sechura).\r\nDocente: Jackelin Rumiche Ayala.", "contenido": "", "tipo": "U", "institucion": 1, "original_filename": "recurso/2023/04/18/895bd11007bd488a999ebf46958ba740.pdf", "miniatura": "recurso/2023/04/18/ffeb196441bf4e5b975a6e54d97954df.JPG"}}, {"model": "recursos.recurso", "pk": 87, "fields": {"creation_date": "2023-04-24T01:43:38.563Z", "update_date": "2023-04-24T01:43:38.563Z", "estate": "A", "titulo": "Anécdotas sechuranas", "descripcion": "Textos narrativos (anécdotas) rescatando las costumbres, tradiciones y lugares turísticos de Sechura. \r\nProducidos por los estudiantes de Tercer grado \"Huánuco\" 2022\r\nDocente: Giovanna Rumiche Ayala.", "contenido": "", "tipo": "U", "institucion": 1, "original_filename": "recurso/2023/04/18/3e0108a16fb0493580e598dbcc59a64b.pdf", "miniatura": "recurso/2023/04/18/ca7a2a5d27b74a27a2df690d277e5848.JPG"}}, {"model": "recursos.recurso", "pk": 88, "fields": {"creation_date": "2023-04-24T01:43:38.554Z", "update_date": "2023-04-24T01:43:38.554Z", "estate": "A", "titulo": "Textos descriptivos", "descripcion": "Textos descriptivos elaborados por los estudiantes de Tercer grado de Primaria-Sección Huánuco. \r\nDocente: Giovanna Rumiche Ayala.", "contenido": "", "tipo": "U", "institucion": 1, "original_filename": "recurso/2023/04/18/6848b8df21dc485c94f694a8dbbcb4ea.pdf", "miniatura": "recurso/2023/04/18/ea4375d17db64bde8e0e47df242dd1fd.JPG"}}, {"model": "recursos.recurso", "pk": 89, "fields": {"creation_date": "2023-04-24T01:43:38.544Z", "update_date": "2023-04-24T01:43:38.544Z", "estate": "A", "titulo": "Entrevista: Danza las Cusqueñitas", "descripcion": "Entrevista a un reconocido músico de Sechura José Máximo Dedios Amaya sobre la historia de la Danza de Las Cusqueñitas.\r\nProducido por las estudiantes Elena y Milagros Dedios Sernaqué de Segundo Grado de Primaria de la IEE San Martín (Sechura). 2020\r\nDocente. Giovanna Rumiche Ayala", "contenido": "", "tipo": "P", "institucion": 1, "original_filename": "recurso/2023/04/18/d4743183b7c5435ebc042d71a7f1fca2.mp3", "miniatura": "recurso/2023/04/18/b002fdf2824a48fcadb7922b544d5cec.jpeg"}}, {"model": "recursos.recurso", "pk": 90, "fields": {"creation_date": "2023-04-24T01:43:38.534Z", "update_date": "2023-04-24T01:43:38.534Z", "estate": "A", "titulo": "Costumbres y tradiciones de Sechura", "descripcion": "Costumbres y tradiciones de Sechura. Producido por estudiantes de Primer y Segundo Grado de Primaria.", "contenido": "https://youtu.be/mDcDYn-KByk", "tipo": "R", "institucion": 1, "original_filename": "", "miniatura": "recurso/2023/04/18/66f63d6472bf4534960f780c4b0d94d4.jpg"}}, {"model": "recursos.recurso", "pk": 91, "fields": {"creation_date": "2023-04-24T01:43:38.524Z", "update_date": "2023-04-24T01:43:38.524Z", "estate": "A", "titulo": "Danza del Barquito", "descripcion": "Danza del Barquito. Danza tradicional de Sechura. \r\nProducido por estudiantes de Segundo Grado de Primaria. IEE San Martín - Sechura.", "contenido": "https://youtu.be/-ozzT35ZA9w", "tipo": "R", "institucion": 1, "original_filename": "", "miniatura": "recurso/2023/04/18/4bd4fc797cb54475af103c7e8df6e385.jpg"}}, {"model": "recursos.recurso", "pk": 92, "fields": {"creation_date": "2023-04-24T01:43:38.514Z", "update_date": "2023-04-24T01:43:38.514Z", "estate": "A", "titulo": "¿Cómo era la vida antes en Sechura?", "descripcion": "Entrevista realizada por Lucero de Guadalupe Antón Cumpa. Estudiantes de Segundo Grado de Primaria. \r\nIEE San Martín (Sechura)", "contenido": "https://youtu.be/yr2JmHQjrMQ", "tipo": "R", "institucion": 1, "original_filename": "", "miniatura": "recurso/2023/04/18/498d7cde915f4690b6baf6fb60a41386.jpg"}}, {"model": "recursos.recurso", "pk": 93, "fields": {"creation_date": "2023-04-24T01:43:38.505Z", "update_date": "2023-04-24T01:43:38.505Z", "estate": "A", "titulo": "Ya no le temo a la oscuridad", "descripcion": "Ya no le temo a la oscuridad, es una historia narrada por una madre de familia de Segundo grado de Primaria.\r\nIE San Martín.", "contenido": "", "tipo": "A", "institucion": 1, "original_filename": "recurso/2023/04/18/9c9f324c1f334a1592eb5d0413e4dcfd.mp3", "miniatura": "recurso/2023/04/18/3a657e909fa142eda5d5c3f7f35b13ca.jpeg"}}, {"model": "recursos.recurso", "pk": 95, "fields": {"creation_date": "2023-04-24T01:43:38.494Z", "update_date": "2023-04-24T01:43:38.494Z", "estate": "A", "titulo": "La fiesta religiosa de San Pedro - Sechura", "descripcion": "Gabriel Panta Ruiz, estudiante de Segundo grado de Primaria nos explica sobre la Fiesta Patronal de nuestra Provincia.", "contenido": "", "tipo": "P", "institucion": 1, "original_filename": "recurso/2023/04/18/e299dcc372d24eaca37e30c02947be44.mp3", "miniatura": "recurso/2023/04/18/85c77b40db464389882f33934d8fb4a8.jpeg"}}, {"model": "recursos.recurso", "pk": 96, "fields": {"creation_date": "2023-04-24T01:43:38.484Z", "update_date": "2023-04-24T01:43:38.484Z", "estate": "A", "titulo": "Describo a mi persona favorita", "descripcion": "Textos descriptivos creados por estudiantes de Tercer Grado de Primaria.\r\n- Mi madrina querida\r\n- Mi padrino", "contenido": "", "tipo": "L", "institucion": 1, "original_filename": "recurso/2023/04/18/c8cd1a8f009a4a4baed5407d85f81a94.pdf", "miniatura": "recurso/2023/04/18/9567344280ec4af8ab753ef8928bad55.JPG"}}, {"model": "recursos.recurso", "pk": 97, "fields": {"creation_date": "2023-04-24T01:43:38.477Z", "update_date": "2023-04-24T01:43:38.477Z", "estate": "A", "titulo": "COMIDAS SECHURANAS", "descripcion": "Textos descriptivos creados por estudiantes de Tercer Grado de Primaria, acerca de las comidas típicas de Sechura.", "contenido": "", "tipo": "L", "institucion": 1, "original_filename": "recurso/2023/04/18/67754748576d440e8c1db3429e14e5ce.pdf", "miniatura": "recurso/2023/04/18/80b8158010a644eeaf55fa39e54b013b.JPG"}}, {"model": "recursos.recurso", "pk": 98, "fields": {"creation_date": "2023-04-24T01:43:38.471Z", "update_date": "2023-04-24T01:43:38.471Z", "estate": "A", "titulo": "Anécdotas sechuranas", "descripcion": "Textos narrativos creados por estudiantes de Tercer Grado de Primaria.", "contenido": "", "tipo": "L", "institucion": 1, "original_filename": "recurso/2023/04/18/211f8bd37efe4499a51a7111c91d22b2.pdf", "miniatura": "recurso/2023/04/18/18025a6ea47f453ab094940acdabcbde.JPG"}}, {"model": "recursos.recurso", "pk": 99, "fields": {"creation_date": "2023-04-24T01:43:38.463Z", "update_date": "2023-04-24T01:43:38.463Z", "estate": "A", "titulo": "EL ELEFANTE BERNARDO", "descripcion": "Cuento infantil. \r\nRecuperado de:\r\nhttps://www.guiainfantil.com/1079/cuento-infantil-el-elefante-bernardo.html", "contenido": "", "tipo": "L", "institucion": 1, "original_filename": "recurso/2023/04/18/802b6a8fe5c44996b769b6ef2abb8b43.pdf", "miniatura": "recurso/2023/04/18/677f7be85e3e4af9b5f204d419dd3233.JPG"}}, {"model": "recursos.recurso", "pk": 100, "fields": {"creation_date": "2023-04-24T01:43:38.456Z", "update_date": "2023-04-24T01:43:38.456Z", "estate": "A", "titulo": "El león y el ratón", "descripcion": "El león y el ratón. Fábula narrada por Alicia Litano Sandoval, dedicada a todos los niños y niñas del país, en especial a su pequeña Sofía.", "contenido": "", "tipo": "A", "institucion": 1, "original_filename": "recurso/2023/04/18/75cfad23d50d441d910128aac066ec76.mp3", "miniatura": "recurso/2023/04/18/7d8077b6b2db4fb1849d75017568a835.jpg"}}, {"model": "recursos.recurso", "pk": 101, "fields": {"creation_date": "2023-04-24T01:43:38.447Z", "update_date": "2023-04-24T01:43:38.447Z", "estate": "A", "titulo": "¿Cómo protegerse ante una tormenta eléctrica?", "descripcion": "Ante los últimos acontecimientos que viene afectando la zona norte de nuestro país, los estudiantes de Cuarto Grado-Sección \"Huánuco\" de la IEE San Martín, les brindan algunas recomendaciones de cómo protegerse ante una tormenta eléctrica.", "contenido": "https://youtu.be/X1UwRvtaQmY", "tipo": "Y", "institucion": 1, "original_filename": "", "miniatura": "recurso/2023/04/18/a32ad1e4749a46a59c89eb6a3760679a.JPG"}}, {"model": "recursos.recurso", "pk": 104, "fields": {"creation_date": "2023-04-24T01:43:38.436Z", "update_date": "2023-04-24T01:43:38.436Z", "estate": "A", "titulo": "Recomendaciones para prevenir daños en época de lluvias.", "descripcion": "El estudiante Ángelo Rumiche Zeña, estudiante de Cuarto Grado, sección \"Huánuco\" nos brinda recomendaciones para prevenir daños en época de lluvias. #EducaSm", "contenido": "https://youtu.be/2Nu7FoQBBHI", "tipo": "Y", "institucion": 1, "original_filename": "", "miniatura": "recurso/2023/04/18/46210d217b474ba5a7aa6c6181136383.JPG"}}, {"model": "recursos.recurso", "pk": 105, "fields": {"creation_date": "2023-04-24T01:43:38.426Z", "update_date": "2023-04-24T01:43:38.426Z", "estate": "A", "titulo": "EL TORNADO DENTRO DE UNA BOTELLA", "descripcion": "CIENCIA DIVERTIDA. Experimento realizado por José Ramón Chunga Saavedra, estudiante de Sexto Grado de Primaria, para demostrar la formación de los tornados y ciclones.\r\nDocente: María Felipa Santos Chero.", "contenido": "https://youtu.be/eLw7MqXzFUw", "tipo": "Y", "institucion": 1, "original_filename": "", "miniatura": "recurso/2023/04/18/b51c522645a143cb98f020de26f4c52b.png"}}, {"model": "recursos.recurso", "pk": 106, "fields": {"creation_date": "2023-04-24T01:43:38.416Z", "update_date": "2023-04-24T01:43:38.416Z", "estate": "A", "titulo": "EL SUEÑO DE UNA NOCHE DE VERANO", "descripcion": "William Shakespeare​ fue un dramaturgo, poeta y actor inglés, considerado el escritor más importante en lengua inglesa y uno de los más célebres de toda la literatura universal.\r\nRecuperado de:\r\nhttps://www.elejandria.com/libro/el-sueno-de-una-noche-de-verano/shakespeare-william/860", "contenido": "", "tipo": "L", "institucion": 1, "original_filename": "recurso/2023/04/18/beef624a6a1a486f95540f7c9324a0a3.pdf", "miniatura": "recurso/2023/04/18/b50ae5402d0b4cdd8083e7b9c51a0eae.jpg"}}, {"model": "recursos.recurso", "pk": 107, "fields": {"creation_date": "2023-04-24T01:43:38.406Z", "update_date": "2023-04-24T01:43:38.406Z", "estate": "A", "titulo": "DON QUIJOTE DE LA MANCHA", "descripcion": "Don Quijote de la Mancha es una novela de aventuras escrita por Miguel de Cervantes y publicada originalmente en 1605 con el título El ingenioso hidalgo Don Quijote de la Mancha. Es la obra cumbre de la literatura española y una de las más conocidas en el mundo entero.\r\nRecuperado de:\r\nhttps://www.elejandria.com/libro/don-quijote-de-la-mancha/cervantes-miguel/77", "contenido": "", "tipo": "L", "institucion": 1, "original_filename": "recurso/2023/04/18/f7c8129c4c1b469ba83a48d4f59b72b2.pdf", "miniatura": "recurso/2023/04/18/c87dd82367d5459ab6beaf2c3762d97e.png"}}, {"model": "recursos.recurso", "pk": 108, "fields": {"creation_date": "2023-04-24T01:43:38.396Z", "update_date": "2023-04-24T01:43:38.396Z", "estate": "A", "titulo": "Comentarios Reales de los Incas", "descripcion": "El Inca Garcilaso aborda la escritura de los Comentarios al sentirse legitimado por su nacimiento cuzqueño frente a otros cronistas españoles. A las fuentes orales que le transmitió su madre sobre la cultura quechua y el conocimiento de la lengua indígena, se añade el testimonio de otros contemporáneos como López de Gómara, Cieza de León o el padre José de Acosta.\r\nRecuperado de: https://planetalibro.net/libro/el-inca-garcilaso-de-la-vega-comentarios-reales-de-los-incas", "contenido": "", "tipo": "L", "institucion": 1, "original_filename": "recurso/2023/04/18/40470485b5284511b456aa1b89913528.pdf", "miniatura": "recurso/2023/04/18/24a50652fcc2412591758778312c24fa.jpg"}}, {"model": "recursos.recurso", "pk": 109, "fields": {"creation_date": "2023-04-24T01:43:38.384Z", "update_date": "2023-04-26T14:13:03.134Z", "estate": "A", "titulo": "LA PALOMA MISTERIOSA", "descripcion": "<p>Cuento creado por: </p><p><strong>Génesis M. Panta Aguirre</strong> de <strong>Segundo Grado</strong> de <strong>Primaria</strong> (2020).</p>", "contenido": "", "tipo": "L", "institucion": 1, "original_filename": "recurso/2023/04/18/d7c80c47468246c4a6a9147056871c60.pdf", "miniatura": "recurso/2023/04/18/7e36cb021229409bb1c855b34a7aabba.JPG"}}, {"model": "recursos.recurso", "pk": 110, "fields": {"creation_date": "2023-05-04T22:48:59.202Z", "update_date": "2023-05-04T22:48:59.203Z", "estate": "A", "titulo": "Fiesta \"Las Crucecitas\"", "descripcion": "<p>Fiesta descrita por el estudiante de <span style=\"color:rgba(17,17,17,var(--tw-text-opacity));\">Primer Grado de primaria Franco Vargas Flores.</span></p><p><span style=\"color:rgba(17,17,17,var(--tw-text-opacity));\">Esta fiesta es celebrada en Sechura los días 3, 4 y 5 de mayo.<br></span><br></p>", "contenido": "https://youtu.be/Lwva24AEdD4", "tipo": "Y", "institucion": 1, "original_filename": "", "miniatura": "recurso/2023/04/23/237fb85471e646c4a351204b1427a593.jpg"}}, {"model": "recursos.recurso", "pk": 111, "fields": {"creation_date": "2023-05-04T22:56:08.577Z", "update_date": "2023-05-04T23:00:47.469Z", "estate": "A", "titulo": "La Fiesta de Las Crucecitas", "descripcion": "<p><span style=\"color:rgb(17, 17, 17);\"><span style=\"background-color:rgb(255, 255, 255);\">Franco Vargas Flores del Primer Grado de primaria nos describe a través de un video la fiesta tradicional celebrada en Sechura los días 3, 4 y 5 de mayo.</span></span></p>", "contenido": "https://youtu.be/Lwva24AEdD4", "tipo": "R", "institucion": 1, "original_filename": "", "miniatura": "recurso/2023/04/23/9d70be478af04ebb98d0e4d823a175fd.jpg"}}, {"model": "recursos.patrocinador", "pk": 1, "fields": {"creation_date": "2023-04-24T02:46:29.925Z", "update_date": "2023-04-24T02:46:29.925Z", "estate": "A", "nombre": "Insitución Educativa Emblemática San Martín - Sechura", "descripcion": "", "telefono": "", "facebook": "", "email": "", "web": "", "logo": "patrocinador/2023/04/23/7fe329a9259e4ec1a4f0d4fc46e1bb68.png"}}, {"model": "recursos.patrocinador", "pk": 2, "fields": {"creation_date": "2023-04-24T02:47:13.627Z", "update_date": "2023-04-24T02:47:13.627Z", "estate": "A", "nombre": "Agua Marina", "descripcion": "", "telefono": "947424969", "facebook": "https://web.facebook.com/AguaMarinadeSechura/", "email": "", "web": "", "logo": "patrocinador/2023/04/23/5acf84e22935499e91ca98bb38811ef9.png"}}, {"model": "recursos.patrocinador", "pk": 3, "fields": {"creation_date": "2023-04-24T02:47:28.294Z", "update_date": "2023-04-24T02:47:28.294Z", "estate": "A", "nombre": "Minicipalidad Distrital de Bernal", "descripcion": "", "telefono": "", "facebook": "", "email": "", "web": "", "logo": "patrocinador/2023/04/23/c15aebe29b5941f9954e5282ffe5495a.png"}}, {"model": "recursos.patrocinador", "pk": 4, "fields": {"creation_date": "2023-04-24T02:48:22.301Z", "update_date": "2023-04-24T02:48:22.301Z", "estate": "A", "nombre": "Hexagroup", "descripcion": "Arquitectos e Ingenieros", "telefono": "949445175", "facebook": "https://web.facebook.com/hexagroup.peru/", "email": "https://mail.google.com/mail/?view=cm&to=hexagroup.peru@gmail.com", "web": "", "logo": "patrocinador/2023/04/23/f77301f62127427d805ed3ad893beacb.jpeg"}}, {"model": "recursos.patrocinador", "pk": 5, "fields": {"creation_date": "2023-04-24T02:49:11.226Z", "update_date": "2023-04-24T02:49:11.226Z", "estate": "A", "nombre": "CONECTEL EIRL", "descripcion": "", "telefono": "968447790", "facebook": "", "email": "https://mail.google.com/mail/?view=cm&to=conectel.telecomunicaciones@gmail.com", "web": "https://www.conectel-isp.com/", "logo": "patrocinador/2023/04/23/b820072da8d44311b544d98f630665a8.png"}}, {"model": "recursos.patrocinador", "pk": 6, "fields": {"creation_date": "2023-04-24T02:49:38.790Z", "update_date": "2023-04-24T02:49:38.790Z", "estate": "A", "nombre": "GRUPO VIE EIRL", "descripcion": "Construcciones metálicas.", "telefono": "969273369", "facebook": "", "email": "", "web": "", "logo": "patrocinador/2023/04/23/46d5a9c68a8d449ab2be7c160fef7b41.jpeg"}}, {"model": "recursos.patrocinador", "pk": 7, "fields": {"creation_date": "2023-04-24T02:52:26.484Z", "update_date": "2023-04-24T02:52:26.484Z", "estate": "A", "nombre": "Lampazos", "descripcion": "Vocero Del Bajo Piura", "telefono": "", "facebook": "https://web.facebook.com/Lampazos-Bajo-Piura-Sechura-1601757876813959/", "email": "", "web": "", "logo": "patrocinador/2023/04/23/15f6fedfe1e047f68368de3b16e3a7ce.jpeg"}}, {"model": "recursos.patrocinador", "pk": 8, "fields": {"creation_date": "2023-04-24T02:52:49.011Z", "update_date": "2023-04-24T02:52:49.011Z", "estate": "A", "nombre": "Comunidad Campesina San Martín", "descripcion": "Sechura", "telefono": "", "facebook": "", "email": "", "web": "", "logo": "patrocinador/2023/04/23/4df07c0d649b459395a9891bae3953bb.jpeg"}}, {"model": "recursos.patrocinador", "pk": 9, "fields": {"creation_date": "2023-04-24T02:53:13.814Z", "update_date": "2023-04-24T02:53:13.814Z", "estate": "A", "nombre": "L MARTINEZ", "descripcion": "Informática", "telefono": "", "facebook": "", "email": "", "web": "", "logo": "patrocinador/2023/04/23/9892527fda9549bb828dc922a9c2f646.jpeg"}}, {"model": "recursos.patrocinador", "pk": 10, "fields": {"creation_date": "2023-04-24T02:54:54.842Z", "update_date": "2023-04-24T02:54:54.842Z", "estate": "A", "nombre": "FONDEP", "descripcion": "Fondo Nacional de Desarrollo de la Educación Peruana", "telefono": "", "facebook": "", "email": "", "web": "https://www.fondep.gob.pe/", "logo": "patrocinador/2023/04/23/242f48be3b624250bc0be89611934873.png"}}, {"model": "recursos.patrocinador", "pk": 11, "fields": {"creation_date": "2023-04-24T02:55:53.958Z", "update_date": "2023-04-24T02:55:53.958Z", "estate": "A", "nombre": "ALEX MORALES PEÑA", "descripcion": "Conductor de Radio y TV en Radio Sechura y Smart Deportes", "telefono": "", "facebook": "https://www.facebook.com/profile.php?id=100024073460590", "email": "", "web": "", "logo": "patrocinador/2023/04/23/902e11541f8d43bf89c4d4c8d6b9d555.jpg"}}, {"model": "recursos.miembroproyecto", "pk": 1, "fields": {"creation_date": "2023-04-24T02:57:07.347Z", "update_date": "2023-05-08T03:24:09.154Z", "estate": "A", "nombre": "Giovanna Rumiche Ayala", "descripcion": "", "cargo": "Docente", "logo": "miembro_proyecto/2023/04/23/85399f39469249c6a8fe8ac9bab06398.jpg"}}, {"model": "recursos.miembroproyecto", "pk": 2, "fields": {"creation_date": "2023-04-24T02:57:25.063Z", "update_date": "2023-05-08T03:51:12.794Z", "estate": "A", "nombre": "Jackelin Rumiche Ayala", "descripcion": "", "cargo": "Docente", "logo": "miembro_proyecto/2023/04/23/3fecc8c9858742ee9501ca189ee8d191.jpg"}}, {"model": "recursos.miembroproyecto", "pk": 3, "fields": {"creation_date": "2023-04-24T02:57:36.209Z", "update_date": "2023-04-24T02:57:36.209Z", "estate": "A", "nombre": "Luis Eduardo Fernández Pingo", "descripcion": "", "cargo": "Docente", "logo": ""}}, {"model": "seguridad.user", "pk": 1, "fields": {"password": "pbkdf2_sha256$600000$0uszW9apDgw2jWQ7l7OvRt$Y/b1DbbzKIbJ9vQ3EmhuAijCDPos2LrWOwP3BOhvPkA=", "last_login": "2023-05-08T03:59:46.439Z", "is_superuser": true, "username": "superuser", "email": "", "first_name": "", "last_name": "", "birth_date": "2023-04-23", "is_active": true, "is_staff": true, "groups": [], "user_permissions": []}}, {"model": "seguridad.user", "pk": 2, "fields": {"password": "pbkdf2_sha256$600000$jClrpyezZ20RIqlCWxrKyD$wqP5FPBkFDEqzsMX59KxgtayKcbTxlPcEpzne9rrcRM=", "last_login": null, "is_superuser": false, "username": "73538401", "email": "", "first_name": "", "last_name": "", "birth_date": "2023-04-23", "is_active": true, "is_staff": false, "groups": [2], "user_permissions": []}}, {"model": "seguridad.user", "pk": 3, "fields": {"password": "pbkdf2_sha256$600000$6XfcWTxetqQ3vSxm1fGA1l$MY09hKRSu8CaaiTCS7PyVHPzmy1rc3pmk+UTwNh579o=", "last_login": null, "is_superuser": false, "username": "02851625", "email": "", "first_name": "", "last_name": "", "birth_date": "2023-04-23", "is_active": true, "is_staff": false, "groups": [2], "user_permissions": []}}, {"model": "seguridad.user", "pk": 4, "fields": {"password": "pbkdf2_sha256$600000$j60dfVvCXRWBWBSR34XfiT$QgBpOq4nrd4fXrVQahFgBiw1CQ7nic18yd34GQMCU8A=", "last_login": null, "is_superuser": false, "username": "74504436", "email": "", "first_name": "", "last_name": "", "birth_date": "2023-04-23", "is_active": true, "is_staff": false, "groups": [2], "user_permissions": []}}, {"model": "seguridad.user", "pk": 5, "fields": {"password": "pbkdf2_sha256$600000$1JLf3xN5Ee8aj6sfjGAquQ$X3cnRSUxjTpH8DYQuR0OmYFTjIEvBhoTYZA5McNm2tY=", "last_login": null, "is_superuser": false, "username": "09374874", "email": "", "first_name": "", "last_name": "", "birth_date": "2023-04-23", "is_active": true, "is_staff": false, "groups": [2], "user_permissions": []}}, {"model": "seguridad.user", "pk": 6, "fields": {"password": "pbkdf2_sha256$600000$IwLhz65aEUzQJp290LKpnp$DhPx7cYulXZ4I9p9ga2XBo9tf+9syHD0LGj4KHBuoeY=", "last_login": null, "is_superuser": false, "username": "02868923", "email": "", "first_name": "", "last_name": "", "birth_date": "2023-04-23", "is_active": true, "is_staff": false, "groups": [2], "user_permissions": []}}, {"model": "seguridad.user", "pk": 7, "fields": {"password": "pbkdf2_sha256$600000$nxkR8EJYYm4uA5cawk5qEa$oQJaQQnfmpQmZdhidXmB7PNDqI+22HEW9CreJCKew/g=", "last_login": null, "is_superuser": false, "username": "45007535", "email": "", "first_name": "", "last_name": "", "birth_date": "2023-04-23", "is_active": true, "is_staff": false, "groups": [2, 3], "user_permissions": []}}, {"model": "seguridad.user", "pk": 8, "fields": {"password": "pbkdf2_sha256$600000$tJa9QkApq7cBjmd8BC92dX$D4gqy1OtX0wjjF7Mhqc2q0gjyClFycBB4JJrm1anh6s=", "last_login": null, "is_superuser": false, "username": "15161718", "email": "", "first_name": "", "last_name": "", "birth_date": "2023-04-24", "is_active": true, "is_staff": false, "groups": [4], "user_permissions": []}}, {"model": "seguridad.user", "pk": 9, "fields": {"password": "pbkdf2_sha256$600000$IJ6Vdam886FilLf61UJHTu$XXYi+a/9rWBa2OOmKAKfwZvKJRK60cUe8A4v427Es1I=", "last_login": null, "is_superuser": false, "username": "10203040", "email": "", "first_name": "", "last_name": "", "birth_date": "2023-04-30", "is_active": true, "is_staff": false, "groups": [2], "user_permissions": []}}, {"model": "seguridad.user", "pk": 10, "fields": {"password": "pbkdf2_sha256$600000$Gk805NX5ZJhUMpHDvRCEsE$qXXAYhzrU20+S5xT+VfAnr4J1Rc/l0ddUnq1ZDfgIgI=", "last_login": null, "is_superuser": false, "username": "72973356", "email": "", "first_name": "", "last_name": "", "birth_date": "2023-05-07", "is_active": true, "is_staff": false, "groups": [2], "user_permissions": []}}, {"model": "seguridad.user", "pk": 11, "fields": {"password": "pbkdf2_sha256$600000$cXqINUwbOps7GNDvmvP9Lz$+vN85ud2k5ILifjdtRMQEfuipAfoBNj8M7MSgiiZRKo=", "last_login": null, "is_superuser": false, "username": "45251254", "email": "", "first_name": "", "last_name": "", "birth_date": "2023-05-07", "is_active": true, "is_staff": false, "groups": [4], "user_permissions": []}}, {"model": "seguridad.user", "pk": 12, "fields": {"password": "pbkdf2_sha256$600000$6HZlZ09h81B1wJb3p31N9z$yVtQFh1W3BOsheOVvyzaF17sWMWY459pE9Pj73kP0PQ=", "last_login": null, "is_superuser": false, "username": "78320587", "email": "", "first_name": "", "last_name": "", "birth_date": "2023-05-09", "is_active": true, "is_staff": false, "groups": [4], "user_permissions": []}}, {"model": "seguridad.user", "pk": 13, "fields": {"password": "pbkdf2_sha256$600000$gMg37ZDWhGi4fzZFuWBjDn$TrIcgdmMoaJ/+s8pOY87AXOIULhLB0oHW5EOKRErB2Q=", "last_login": null, "is_superuser": false, "username": "78251383", "email": "", "first_name": "", "last_name": "", "birth_date": "2023-05-09", "is_active": true, "is_staff": false, "groups": [4], "user_permissions": []}}, {"model": "seguridad.user", "pk": 14, "fields": {"password": "pbkdf2_sha256$600000$FboAxQisBmxVnc0cOshbkq$tSMhoifBMUsQk0c3SYRqNCG9uAGNAMD6XBheYvH9U+Y=", "last_login": null, "is_superuser": false, "username": "81105406", "email": "", "first_name": "", "last_name": "", "birth_date": "2023-05-09", "is_active": true, "is_staff": false, "groups": [4], "user_permissions": []}}, {"model": "seguridad.user", "pk": 15, "fields": {"password": "pbkdf2_sha256$600000$kgRPHbxDkGRStLQgD3PhGM$y+WzbhCV0gU0Y6IhxkVeEIOVQBApkwuGzrnPmDXQr64=", "last_login": null, "is_superuser": false, "username": "78227572", "email": "", "first_name": "", "last_name": "", "birth_date": "2023-05-09", "is_active": true, "is_staff": false, "groups": [4], "user_permissions": []}}, {"model": "seguridad.user", "pk": 16, "fields": {"password": "pbkdf2_sha256$600000$ft7gLUFYzryIwbenEZTNWZ$0wzmJvwrP4Taj7q66DhU0imTqw5qujVPdflA6tbCR+I=", "last_login": null, "is_superuser": false, "username": "62315507", "email": "", "first_name": "", "last_name": "", "birth_date": "2023-05-09", "is_active": true, "is_staff": false, "groups": [4], "user_permissions": []}}, {"model": "seguridad.user", "pk": 17, "fields": {"password": "pbkdf2_sha256$600000$TffO1hIrJpJ2TQJD7rFPQp$N6xzr8tOs8sMZZPaXwzlQonh+dfkylivkPA3adJjJpM=", "last_login": null, "is_superuser": false, "username": "63089531", "email": "", "first_name": "", "last_name": "", "birth_date": "2023-05-09", "is_active": true, "is_staff": false, "groups": [4], "user_permissions": []}}, {"model": "seguridad.user", "pk": 18, "fields": {"password": "pbkdf2_sha256$600000$cwV5lWDCdKDABgVHjkHfwl$Pis6aNaOGXY95TTrqptqKyDQpPuPfDoeMMOiAIrNy2I=", "last_login": null, "is_superuser": false, "username": "62377826", "email": "", "first_name": "", "last_name": "", "birth_date": "2023-05-09", "is_active": true, "is_staff": false, "groups": [4], "user_permissions": []}}, {"model": "seguridad.user", "pk": 19, "fields": {"password": "pbkdf2_sha256$600000$AoPxfFuRdjHnVWw9TGiOUa$6uQi1xoKtOsT67VVgm2+GICj6MY6HLtmzzDLSPneKEg=", "last_login": null, "is_superuser": false, "username": "61427763", "email": "", "first_name": "", "last_name": "", "birth_date": "2023-05-09", "is_active": true, "is_staff": false, "groups": [4], "user_permissions": []}}, {"model": "seguridad.user", "pk": 20, "fields": {"password": "pbkdf2_sha256$600000$iaMvvjDyr4Bj6MQ7aMWa1z$XBE1Gl5aHWj/Bl9R+uxGHAGZ7nCMERCFnUWOU6GJ4Ws=", "last_login": null, "is_superuser": false, "username": "73727090", "email": "", "first_name": "", "last_name": "", "birth_date": "2023-05-09", "is_active": true, "is_staff": false, "groups": [4], "user_permissions": []}}, {"model": "seguridad.user", "pk": 21, "fields": {"password": "pbkdf2_sha256$600000$rSFCEs55uiVb6huMuTygr1$gj8nkHzean/C17Q0OC6hGLOKrpHGkGuvmikQ94b3bNk=", "last_login": null, "is_superuser": false, "username": "60379881", "email": "", "first_name": "", "last_name": "", "birth_date": "2023-05-09", "is_active": true, "is_staff": false, "groups": [4], "user_permissions": []}}, {"model": "seguridad.user", "pk": 22, "fields": {"password": "pbkdf2_sha256$600000$C3jej3qBBa6fFjqdDQ15tG$/WcIOn4QmITvQrC/R4p3UE/DfvfSQxwhx7qLNWBxyFg=", "last_login": null, "is_superuser": false, "username": "61958224", "email": "", "first_name": "", "last_name": "", "birth_date": "2023-05-09", "is_active": true, "is_staff": false, "groups": [4], "user_permissions": []}}, {"model": "seguridad.user", "pk": 23, "fields": {"password": "pbkdf2_sha256$600000$BJTRaeq0xL4V3pesk6sBTb$iDvZzcFlk8/joQWKtKl2bulh2oyZUYEDRqFQsREiP9g=", "last_login": null, "is_superuser": false, "username": "61521665", "email": "", "first_name": "", "last_name": "", "birth_date": "2023-05-09", "is_active": true, "is_staff": false, "groups": [4], "user_permissions": []}}, {"model": "seguridad.user", "pk": 24, "fields": {"password": "pbkdf2_sha256$600000$mZkIgfalOQN0hIJBTXNk0F$rpEpBMm9NeILOKqLGKYZq3WNI0tnrABO7futrMqcqMs=", "last_login": null, "is_superuser": false, "username": "90003707", "email": "", "first_name": "", "last_name": "", "birth_date": "2023-05-09", "is_active": true, "is_staff": false, "groups": [4], "user_permissions": []}}, {"model": "seguridad.user", "pk": 25, "fields": {"password": "pbkdf2_sha256$600000$VZa6ghH2grd5Zr6IiTj1Mf$ozOq9Q6KZFx1oAGbwZk53c4B9HKG7vGVYYx0hH2hj+Y=", "last_login": null, "is_superuser": false, "username": "61821457", "email": "", "first_name": "", "last_name": "", "birth_date": "2023-05-09", "is_active": true, "is_staff": false, "groups": [4], "user_permissions": []}}, {"model": "seguridad.user", "pk": 26, "fields": {"password": "pbkdf2_sha256$600000$eMx5V3mYjKIaNM4vu0IFr0$m3Y3pISlccUniWRkcvUKpQJB8KO7QUFDTFMIwmJsPQk=", "last_login": null, "is_superuser": false, "username": "61821482", "email": "", "first_name": "", "last_name": "", "birth_date": "2023-05-09", "is_active": true, "is_staff": false, "groups": [4], "user_permissions": []}}, {"model": "seguridad.user", "pk": 27, "fields": {"password": "pbkdf2_sha256$600000$SmnLXRTutBvDbdNePsAFEC$iz78ksKp5oUtYubUH2f2kuzaaShQuN+2GR40mQbDBWs=", "last_login": null, "is_superuser": false, "username": "62377931", "email": "", "first_name": "", "last_name": "", "birth_date": "2023-05-09", "is_active": true, "is_staff": false, "groups": [4], "user_permissions": []}}, {"model": "seguridad.user", "pk": 28, "fields": {"password": "pbkdf2_sha256$600000$FJowciyc4FBjYxoHcinnCq$JDL9f7KC6C8IcLeO0lwRzv0AeShrL2hwe5Da0vQod14=", "last_login": null, "is_superuser": false, "username": "62069371", "email": "", "first_name": "", "last_name": "", "birth_date": "2023-05-09", "is_active": true, "is_staff": false, "groups": [4], "user_permissions": []}}, {"model": "seguridad.user", "pk": 29, "fields": {"password": "pbkdf2_sha256$600000$xybJ7C5MAkda719sygPwAM$wqF5IVGP0gNb+4F4X1fDYH1xH2/HUkFGCDmooI5MKVY=", "last_login": null, "is_superuser": false, "username": "61958279", "email": "", "first_name": "", "last_name": "", "birth_date": "2023-05-10", "is_active": true, "is_staff": false, "groups": [4], "user_permissions": []}}, {"model": "seguridad.user", "pk": 30, "fields": {"password": "pbkdf2_sha256$600000$xD39anDLpJNIaAuThsAM97$yrVfi/GJflWWbnAZrNjmm2eI9wYbFAS6lHgIMRoAD9k=", "last_login": null, "is_superuser": false, "username": "61821589", "email": "", "first_name": "", "last_name": "", "birth_date": "2023-05-10", "is_active": true, "is_staff": false, "groups": [4], "user_permissions": []}}, {"model": "seguridad.user", "pk": 31, "fields": {"password": "pbkdf2_sha256$600000$yqOODbLo6kicMecqfHGwLE$jddQjntoMxdT6uHVS2csJUVLdBKXWDL2MBZk0JgRO1w=", "last_login": null, "is_superuser": false, "username": "62377862", "email": "", "first_name": "", "last_name": "", "birth_date": "2023-05-10", "is_active": true, "is_staff": false, "groups": [4], "user_permissions": []}}, {"model": "seguridad.user", "pk": 32, "fields": {"password": "pbkdf2_sha256$600000$oG2KBYh4bF1fBdU1npW1lk$2Ig/HJjKAotqCkY9FmR5kVvmTc5V9StntRo7TGPZO6I=", "last_login": null, "is_superuser": false, "username": "62628312", "email": "", "first_name": "", "last_name": "", "birth_date": "2023-05-10", "is_active": true, "is_staff": false, "groups": [4], "user_permissions": []}}, {"model": "seguridad.user", "pk": 33, "fields": {"password": "pbkdf2_sha256$600000$ykSg6nfJBfEWbcz5MG5Y1O$fWuOPvH21NB+sgS0xLiGaMubfXiNvvYuXvp4UWWFlvk=", "last_login": null, "is_superuser": false, "username": "61821596", "email": "", "first_name": "", "last_name": "", "birth_date": "2023-05-10", "is_active": true, "is_staff": false, "groups": [4], "user_permissions": []}}, {"model": "seguridad.user", "pk": 34, "fields": {"password": "pbkdf2_sha256$600000$bdLIR6ihEFknw6EMAqtwwl$P0H8xc3peWrwwuWDhV+VrRoCQn2NyABHU5+S1jOER6E=", "last_login": null, "is_superuser": false, "username": "63798197", "email": "", "first_name": "", "last_name": "", "birth_date": "2023-05-10", "is_active": true, "is_staff": false, "groups": [4], "user_permissions": []}}, {"model": "seguridad.user", "pk": 35, "fields": {"password": "pbkdf2_sha256$600000$INw6RAvojl5IsFQxR9VS6N$EcNaxB2BhWUPEtpfViGC+yIFYIonQH5Z4x9I4h52MmE=", "last_login": null, "is_superuser": false, "username": "79501146", "email": "", "first_name": "", "last_name": "", "birth_date": "2023-05-10", "is_active": true, "is_staff": false, "groups": [4], "user_permissions": []}}, {"model": "seguridad.user", "pk": 36, "fields": {"password": "pbkdf2_sha256$600000$SlbnfXv8P761StfW8YYqQs$xkaIFts4ls7JUwfhAJ8od1RWEnyB/mHvGdA5DortMr0=", "last_login": null, "is_superuser": false, "username": "79194233", "email": "", "first_name": "", "last_name": "", "birth_date": "2023-05-10", "is_active": true, "is_staff": false, "groups": [4], "user_permissions": []}}, {"model": "seguridad.user", "pk": 37, "fields": {"password": "pbkdf2_sha256$600000$Vq3PhWSYzG2ShCx2aKZRFE$vEnOe0h/7T12kPirbPbsJhEJQTYF/shsHeOE5U5fIK4=", "last_login": null, "is_superuser": false, "username": "79242720", "email": "", "first_name": "", "last_name": "", "birth_date": "2023-05-10", "is_active": true, "is_staff": false, "groups": [4], "user_permissions": []}}, {"model": "seguridad.user", "pk": 38, "fields": {"password": "pbkdf2_sha256$600000$M6pVyDYoKnCTyWt6oHUuzN$wOkU4ijHQpbKDw46Eeou2Gfvjwczf5jCOFTUpimlk98=", "last_login": null, "is_superuser": false, "username": "79206459", "email": "", "first_name": "", "last_name": "", "birth_date": "2023-05-10", "is_active": true, "is_staff": false, "groups": [4], "user_permissions": []}}, {"model": "seguridad.user", "pk": 39, "fields": {"password": "pbkdf2_sha256$600000$N9SOat9iSeYAaxAu7WqtIN$GsJNdCQKZHGb5holDWE+sMS6kgN+REFU7G66/jhog7A=", "last_login": null, "is_superuser": false, "username": "79345259", "email": "", "first_name": "", "last_name": "", "birth_date": "2023-05-10", "is_active": true, "is_staff": false, "groups": [4], "user_permissions": []}}, {"model": "seguridad.user", "pk": 40, "fields": {"password": "pbkdf2_sha256$600000$rS4QCcz22LPOoPGjdzuX9w$vJrG5CyH1sSfgK6MaYedmUvXwPq/2gFhr2SsScmHXic=", "last_login": null, "is_superuser": false, "username": "79592151", "email": "", "first_name": "", "last_name": "", "birth_date": "2023-05-10", "is_active": true, "is_staff": false, "groups": [4], "user_permissions": []}}, {"model": "seguridad.user", "pk": 41, "fields": {"password": "pbkdf2_sha256$600000$mYulIVab1fpIgkupEU14y8$5+mgms4PSlK5vg3qqMrA/aPwcKk9uOdSBUORJIUgCy8=", "last_login": null, "is_superuser": false, "username": "79127132", "email": "", "first_name": "", "last_name": "", "birth_date": "2023-05-10", "is_active": true, "is_staff": false, "groups": [4], "user_permissions": []}}, {"model": "seguridad.user", "pk": 42, "fields": {"password": "pbkdf2_sha256$600000$WQ2JmxTtyEH3UNgVCCQvuY$REpBJRGZNoO/coXas48dH+Ay8/luvQ5bDwVZE1Bh2aw=", "last_login": null, "is_superuser": false, "username": "79571145", "email": "", "first_name": "", "last_name": "", "birth_date": "2023-05-10", "is_active": true, "is_staff": false, "groups": [4], "user_permissions": []}}, {"model": "seguridad.user", "pk": 43, "fields": {"password": "pbkdf2_sha256$600000$nQ8ozrBFrbpZJ2xd5Xr7WH$gmSZJEtCHskDBZkzr1dyFiMa4ddwHw7OOvsBrvqlh64=", "last_login": null, "is_superuser": false, "username": "79603155", "email": "", "first_name": "", "last_name": "", "birth_date": "2023-05-10", "is_active": true, "is_staff": false, "groups": [4], "user_permissions": []}}, {"model": "seguridad.user", "pk": 44, "fields": {"password": "pbkdf2_sha256$600000$Ht5chcvKTzyUBt7Z4qCWOG$4b1wHmrxDMIRBu4bKktAoy6S71lcI2LW1ABYcvsPU+s=", "last_login": null, "is_superuser": false, "username": "79167443", "email": "", "first_name": "", "last_name": "", "birth_date": "2023-05-10", "is_active": true, "is_staff": false, "groups": [4], "user_permissions": []}}, {"model": "seguridad.user", "pk": 45, "fields": {"password": "pbkdf2_sha256$600000$2ULQ4hSb7Ug9qu3doxOYyL$bEAzJIeXXdQL7VarL4Uvs1ESvi3N/pDCEcLyAjMDSM8=", "last_login": null, "is_superuser": false, "username": "79149442", "email": "", "first_name": "", "last_name": "", "birth_date": "2023-05-10", "is_active": true, "is_staff": false, "groups": [4], "user_permissions": []}}, {"model": "seguridad.user", "pk": 46, "fields": {"password": "pbkdf2_sha256$600000$Cb1bSHDIZQgSWuLG0C1sqM$K4sA6eQIrIuvUQ6IiH7njoJxuu1r6gJoO79SA0xX82w=", "last_login": null, "is_superuser": false, "username": "79184768", "email": "", "first_name": "", "last_name": "", "birth_date": "2023-05-10", "is_active": true, "is_staff": false, "groups": [4], "user_permissions": []}}, {"model": "seguridad.user", "pk": 47, "fields": {"password": "pbkdf2_sha256$600000$E9j23Lh0tn85spopA9sVqp$VGPwLXDmhMmU1FvXmRKM/TXeOy/P3jy1SGBzLiiyfzc=", "last_login": null, "is_superuser": false, "username": "79249733", "email": "", "first_name": "", "last_name": "", "birth_date": "2023-05-10", "is_active": true, "is_staff": false, "groups": [4], "user_permissions": []}}, {"model": "seguridad.user", "pk": 48, "fields": {"password": "pbkdf2_sha256$600000$BaoJDokCabxFNhMHuaqV5y$c2sBnFoz+nt2alIdyXn7EqJX0IhBLeuhJodHj7y1koQ=", "last_login": null, "is_superuser": false, "username": "61958222", "email": "", "first_name": "", "last_name": "", "birth_date": "2023-05-10", "is_active": true, "is_staff": false, "groups": [4], "user_permissions": []}}, {"model": "seguridad.user", "pk": 49, "fields": {"password": "pbkdf2_sha256$600000$8g44M7luH7jZpo6kqB6TSI$VoM7eibuOx8JNeaYhcYJf0se9IJ1EVxSQ0wpiQYE3Ng=", "last_login": null, "is_superuser": false, "username": "61958301", "email": "", "first_name": "", "last_name": "", "birth_date": "2023-05-10", "is_active": true, "is_staff": false, "groups": [4], "user_permissions": []}}, {"model": "seguridad.user", "pk": 50, "fields": {"password": "pbkdf2_sha256$600000$QhJw9SDoRTBePP9hFZ8csC$YkUB54+ASixQAqiX+p2lKik7XqQZH2hEonxC9DN4prs=", "last_login": null, "is_superuser": false, "username": "79280684", "email": "", "first_name": "", "last_name": "", "birth_date": "2023-05-11", "is_active": true, "is_staff": false, "groups": [4], "user_permissions": []}}, {"model": "seguridad.user", "pk": 51, "fields": {"password": "pbkdf2_sha256$600000$UvFYxqSiCI97fYNqwsRvc6$kVyKEnGy/ROFwA2tFWiwfvMBTSKZ1zMQPRaSiUkCt5o=", "last_login": null, "is_superuser": false, "username": "79247697", "email": "", "first_name": "", "last_name": "", "birth_date": "2023-05-11", "is_active": true, "is_staff": false, "groups": [4], "user_permissions": []}}, {"model": "seguridad.user", "pk": 52, "fields": {"password": "pbkdf2_sha256$600000$BKYdgti1uAaSmtoWulgkFn$wKU+bMCBA1P1fafet9L8r4wYk26R3q4F2R/iz80P7ZI=", "last_login": null, "is_superuser": false, "username": "79313716", "email": "", "first_name": "", "last_name": "", "birth_date": "2023-05-11", "is_active": true, "is_staff": false, "groups": [4], "user_permissions": []}}, {"model": "seguridad.user", "pk": 53, "fields": {"password": "pbkdf2_sha256$600000$0NtH0nn3BElXeV69PIeS1l$cdsSl68oviJuOuPbWjfOfTjZz5+DD9ElH6rtVClqVdM=", "last_login": null, "is_superuser": false, "username": "79477424", "email": "", "first_name": "", "last_name": "", "birth_date": "2023-05-11", "is_active": true, "is_staff": false, "groups": [4], "user_permissions": []}}, {"model": "authtoken.token", "pk": "08750718e397f2099f3bab8b710971f885afb610", "fields": {"user": 7, "created": "2023-04-24T02:00:20.165Z"}}, {"model": "authtoken.token", "pk": "29f475f5ff92878575d66cf177e4abd3c09cecd5", "fields": {"user": 49, "created": "2023-05-11T01:48:04.763Z"}}, {"model": "authtoken.token", "pk": "4dea396bc03bb89a85dfa08ced6d335bef27dea8", "fields": {"user": 10, "created": "2023-05-07T13:48:53.616Z"}}, {"model": "authtoken.token", "pk": "51b42976bf201db1a6c65525027266373d58892a", "fields": {"user": 9, "created": "2023-05-01T01:52:37.218Z"}}, {"model": "authtoken.token", "pk": "53b3da8f295bbf98a2a0fde7625fcd08e55af058", "fields": {"user": 20, "created": "2023-05-10T03:19:32.787Z"}}, {"model": "authtoken.token", "pk": "636d5d4ee2d4fb10589aa70a0ce456d1ebd70b3e", "fields": {"user": 3, "created": "2023-04-24T01:58:17.658Z"}}, {"model": "authtoken.token", "pk": "90986bf179efaae5d5c6e9126b3a60d9b9c3c08d", "fields": {"user": 5, "created": "2023-04-24T01:59:44.340Z"}}, {"model": "authtoken.token", "pk": "91ea9085147d62fa2cc06ad43a65553b568801d5", "fields": {"user": 6, "created": "2023-04-24T01:59:07.379Z"}}, {"model": "authtoken.token", "pk": "e6d0d129f2041f21d9ac096316ef06501a244967", "fields": {"user": 2, "created": "2023-04-24T02:00:46.889Z"}}, {"model": "authtoken.token", "pk": "f26e5f2d6d5a611faa343fd0feaebb031e30ec2a", "fields": {"user": 4, "created": "2023-04-24T02:01:28.344Z"}}, {"model": "authtoken.token", "pk": "f59fdc480040106da0bd4ae004d27b4355b529f8", "fields": {"user": 33, "created": "2023-05-10T12:41:17.552Z"}}]